year,msa code,msa name,closest MSA in hours,Total,working age,Percent,Top 20 grad,Ugrads to top,House,% Commute,Viol Crime,Patent/,Kauffman,Site ,total sq feet,underused,acres,,Top 50 grad,gov't at Univ
,,,,population,population,College grad,programs,20 /year,Price,<30 minutes,Per 1000,1000 work,,Selection,,square feet,land,,programs,R&D per cap
2016,10180,"Abilene, TX",2 to ft worth,170860,83623,0.20,0,2.5,135839,0.83,3.962308407,0.026220039,0,0,3450883,0,3770,,0,7
2016,10420,"Akron, OH",< 1 to cleveland; 0.5 to canton,702221,365524,0.31,0,13.0,172709,0.70,2.666474819,0.619975984,0,1,1376132,43992,111,,4,241
2016,10500,"Albany, GA",1.75 to macon,152506,77076,0.19,0,0.5,135943,0.77,6.345105648,0.050919496,0,0,7117736,2568,3570,,0,36
2016,10540,"Albany, OR",0.5 to salem,122849,62800,0.22,0,0.0,218227,0.75,,0.359711587,0,0,,,,,0,0
2016,10580,"Albany-Schenectady-Troy, NY",<1 to pittsfield,881839,460119,0.37,4,48.3,237213,0.68,2.734059095,1.103995085,0,0,6079857,386733,4643,,15,1091
2016,10740,"Albuquerque, NM",1 to santa fe,913924,482135,0.32,0,14.2,237665,0.69,7.233643055,0.381848633,0,0,17344434,205014,38109,,8,518
2016,10780,"Alexandria, LA",2 to NO or shreveport,154789,79856,0.19,0,1.1,159123,0.75,8.004445076,0.028070809,0,0,261417,0,2455,,0,0
2016,10900,"Allentown-Bethlehem-Easton, PA-NJ",1.5 to bloomsberg,835652,437495,0.28,0,31.5,229476,0.63,1.833299041,0.535722315,0,0,127956,187.5,0,,4,173
2016,11020,"Altoona, PA",2 to pittsburgh,124650,63930,0.18,0,0.3,136047,0.79,2.374649048,0.068777174,0,0,351410,0,28,,0,0
2016,11100,"Amarillo, TX",nothing,263491,134612,0.24,0,1.5,160277,0.84,5.590323925,0.095253162,0,0,1774284,25457,20667,,0,42
2016,11180,"Ames, IA",.75 to des moines,97090,40522,0.55,5,44.6,194350,0.84,1.132969379,1.204567671,0,0,699244,3050,374,,23,4906
2016,11460,"Ann Arbor, MI",1 to detroit,364709,179858,0.55,28,138.6,288524,0.68,2.815943718,2.502851486,0,0,1499623,0,55,,48,6645
2016,11500,"Anniston-Oxford-Jacksonville, AL",1 to birmingham,114611,59256,0.17,0,0.7,147980,0.67,6.273394585,0.077948183,0,0,11224533,273591,46375,,0,9
2016,11540,"Appleton, WI",0.75 to green bay,234079,126226,0.28,0,8.1,184752,0.80,1.367059827,0.485366225,0,0,16166,0,0,,0,4
2016,11700,"Asheville, NC",nothing,452319,237213,0.33,0,5.5,237545,0.75,1.989746213,0.17945008,0,0,1351801,4130,110,,0,14
2016,12020,"Athens-Clarke County, GA",1.75 to atlanta; 2 to macon,206360,97394,0.37,12,39.1,221846,0.75,2.883310795,0.293103248,0,0,231979,14539,185,,23,3614
2016,12060,"Atlanta-Sandy Springs-Roswell, GA",1.75 to athens; 1.5 to macon; 1.5 to  Rome,5790210,3138837,0.38,16,110.5,256465,0.49,3.936778545,0.396376491,1,1,16331676,5088,642,,32,478
2016,12100,"Atlantic City-Hammonton, NJ",,270991,140853,0.28,0,3.4,255090,0.72,3.922639608,0.052131005,0,0,786352,7326,10026,,0,3
2016,12220,"Auburn-Opelika, AL","0.75 to columbus, ga; <1 to montgomery",158991,77420,0.36,0,11.3,193955,0.67,2.441288233,0.245974541,0,0,94736,10215,46,,7,2366
2016,12260,"Augusta-Richmond County, GA-SC","1.5 to columbia, SC",595147,311473,0.25,0,2.6,189178,0.67,2.814430714,0.11566136,0,0,11970862,135079,55776,,0,301
2016,12420,"Austin-Round Rock, TX",,2056405,1154832,0.43,21,103.9,336373,0.59,2.736328602,1.500570893,1,0,3692937,0,7199,,37,1344
2016,12540,"Bakersfield, CA",,884788,441292,0.16,0,2.2,235983,0.75,5.046406746,0.111407891,0,0,5397865,18326,88217,,0,8
2016,12580,"Baltimore-Columbia-Towson, MD",,2798886,1515495,0.39,19,103.9,345859,0.52,5.918133736,0.315720171,1,0,44079348,1567837,84452,,38,1905
2016,12620,"Bangor, ME",1.5 to lewiston,151806,80876,0.25,0,9.5,165141,0.74,0.777307868,0.142092615,0,0,856025,0,4143,,0,1424
2016,12700,"Barnstable Town, MA",,214276,102364,0.43,0,0.3,474671,0.76,4.335529804,0.225040525,0,0,2685331,87598,18309,,0,1762
2016,12940,"Baton Rouge, LA",1.75 to laffayette; 1.75 to NO,835175,433689,0.27,3,22.1,209586,0.64,5.066962242,0.109516859,0,1,562423,31620,535,,13,1009
2016,12980,"Battle Creek, MI",0.5 to kalamazoo; 1 to lansing; 1.25 to grand rapids,134386,67399,0.20,0,6.2,132504,0.80,5.499084949,0.224313915,0,0,1799159,156553,532,,0,3
2016,13020,"Bay City, MI",<0.5 to saginaw; <.5 to midland,104747,55058,0.18,0,0.0,126378,0.72,2.892684221,0.226102829,0,0,59879,0,0,,0,15
2016,13140,"Beaumont-Port Arthur, TX",,409901,212886,0.17,0,1.3,135086,0.72,4.915821075,0.066683941,0,0,428032,21051,1240,,0,31
2016,13220,"Beckley, WV",,120924,62921,0.18,0,0.5,133120,0.66,,0.074091166,0,0,,,,,0,0
2016,13380,"Bellingham, WA",none,216800,106846,0.33,0,11.6,349596,0.75,1.81273067,0.312557429,0,0,101796,5685,62,,0,98
2016,13460,"Bend-Redmond, OR",none,181307,96144,0.33,0,0.0,387573,0.80,1.69326055,0.401572645,0,0,126143,0,76,,0,0
2016,13740,"Billings, MT",none,169736,88190,0.32,0,0.9,238648,0.88,3.22265172,0.058018249,0,0,112485,0,15,,0,6
2016,13780,"Binghamton, NY",none,244094,120079,0.29,0,17.3,137577,0.81,2.628085852,0.517841458,0,0,102624,0,4,,3,570
2016,13820,"Birmingham-Hoover, AL",none,1147417,606349,0.30,2,12.5,200532,0.61,5.408571243,0.091721557,0,0,2726514,0,159,,8,938
2016,13900,"Bismarck, ND",none,131547,69421,0.30,0,0.4,256499,0.83,2.272951841,0.042891361,0,0,678445,10003,2266,,0,3
2016,13980,"Blacksburg-Christiansburg-Radford, VA",0.75 to roanoke,183411,85589,0.35,11,62.6,214841,0.76,1.907657385,0.648949087,0,0,3640052,0,6812,,21,5
2016,14010,"Bloomington, IL",1 to champaign; 0.75 to peoria; 1 to decatur; 1.25 to springfield,187326,93002,0.42,0,16.3,181663,0.82,,0.238394484,0,0,,,,,0,63
2016,14020,"Bloomington, IN",1 to Indy,166336,76362,0.39,10,43.5,187254,0.81,2.469809294,0.87355423,0,0,7445,0,0,,23,6037
2016,14100,"Bloomsburg-Berwick, PA",1.25 to scranton; 1.5 to allentown,84763,41352,0.24,0,2.5,173900,0.74,,0.09806376,0,0,,,,,0,6
2016,14260,"Boise City, ID",nothing,690214,355050,0.31,0,5.6,240739,0.73,2.212357283,1.798830271,0,0,4750517,0,1038,,0,1
2016,14460,"Boston-Cambridge-Newton, MA-NH",,4794447,2614584,0.47,70,474.0,497024,0.50,3.220435619,1.234612346,1,0,16951470,268100.5625,3700,,107,1011
2016,14500,"Boulder, CO",,322226,167704,0.61,12,48.3,577208,0.72,1.917908549,2.900005102,0,0,833391,2592,2001,,19,4538
2016,14540,"Bowling Green, KY",2 to louisville; 1.25 to nashville,174560,85572,0.26,0,5.9,179739,0.73,1.71860683,0.116510935,0,1,184921,22094,0,,0,365
2016,14740,"Bremerton-Silverdale, WA",,264811,138981,0.32,0,0.0,342382,0.61,2.57542181,0.438639879,0,0,14506894,0,19353,,0,0
2016,14860,"Bridgeport-Stamford-Norwalk, CT",,944177,499693,0.47,0,8.9,665378,0.61,2.414801359,0.788607061,0,0,1940080,0,363,,0,0
2016,15180,"Brownsville-Harlingen, TX",nothing,422135,190480,0.17,0,0.5,108073,0.75,2.593956947,0.029606612,0,0,616676,3140,546,,0,0
2016,15260,"Brunswick, GA",1.25 to savannah; 1.25 to jacksonville,115737,58756,0.23,0,0.0,227998,0.70,4.086852074,0.064302571,0,0,1739272,552347,1643,,0,0
2016,15380,"Buffalo-Cheektowaga-Niagara Falls, NY",nothing,1132804,599076,0.32,2,25.3,171693,0.74,4.328727722,0.296772271,0,0,3155323,0,835,,11,638
2016,15500,"Burlington, NC",0.5 to greensboro; 45 to durham; 1 to winston salem,159688,81877,0.22,0,2.3,177454,0.67,3.619558096,0.14663811,0,0,0,0,0,,0,3
2016,15540,"Burlington-South Burlington, VT",nothing,217411,114154,0.43,0,14.5,302699,0.70,0.975111663,2.165245056,0,0,1372173,0,11464,,2,1112
2016,15680,"California-Lexington Park, MD",,112587,60292,0.26,0,6.5,319370,0.55,,0.082943588,0,0,,,,,0,7
2016,15940,"Canton-Massillon, OH","0.5 to akron, 1 to cleveland, 1 to youngstown; 1.25 to mansfield",401281,204513,0.23,0,3.5,160217,0.73,2.79367137,0.472320974,0,0,91472,0,0,,0,0
2016,15980,"Cape Coral-Fort Myers, FL",,722336,342658,0.28,0,0.5,288676,0.58,3.185498238,0.140098393,0,0,276884,1725,30,,0,16
2016,16020,"Cape Girardeau, MO-IL","1 to carbondale, il; 2 to st louis",94806,46730,0.27,0,2.4,174391,0.76,4.124211311,0.102589361,0,0,245688,0,0,,0,1
2016,16060,"Carbondale-Marion, IL","1 to cape giradeau, mo; 1.75 to st louis",126430,63337,0.30,0,7.4,146276,0.76,,0.143605471,0,0,,,,,1,2498
2016,16180,"Carson City, NV",,54742,27204,0.20,0,0.0,296575,0.78,2.922801495,0.738239169,0,0,5000,0,0,,0,0
2016,16220,"Casper, WY",nothing,81039,43035,0.24,0,0.0,277702,0.91,1.863300443,0.135300055,0,0,369049,0,111,,0,0
2016,16300,"Cedar Rapids, IA",0.75 to iowa city,267799,140050,0.33,0,8.0,201275,0.79,1.885742664,0.783928573,0,0,451155,0,4,,0,2
2016,16540,"Chambersburg-Waynesboro, PA",1 hr to harrisburg,153851,77381,0.22,0,0.1,208401,0.69,,0.05827257,0,0,,,,,0,0
2016,16580,"Champaign-Urbana, IL","<1 to bloomington, IN; <1 to decatur",239872,111806,0.42,23,121.4,174567,0.83,4.298125744,0.942316651,0,0,164775,0,1,,44,4589
2016,16620,"Charleston, WV","<1 to huntington, WV",219579,117115,0.23,0,0.5,155006,0.75,5.068006992,0.127787963,0,0,1065734,0,280,,0,40
2016,16700,"Charleston-North Charleston, SC",,761155,414576,0.35,0,7.6,312559,0.60,3.677258492,0.159038052,0,1,5299003,30460,9299,,0,733
2016,16740,"Charlotte-Concord-Gastonia, NC-SC",,2474314,1340349,0.34,0,22.1,251947,0.59,3.732384443,0.261365473,1,0,2542361,3000,330,,2,30
2016,16820,"Charlottesville, VA",,229467,116995,0.45,4,63.9,332483,0.65,1.616790175,0.429778785,0,0,278108,1587,5,,21,5993
2016,16860,"Chattanooga, TN-GA",1.75 to huntsville,551200,292076,0.26,0,4.1,190005,0.68,5.869012833,0.10460443,0,0,1009844,289019,2928,,0,1
2016,16940,"Cheyenne, WY",nothing,98136,52412,0.27,0,0.0,242076,0.92,1.569250822,0.117652357,0,0,4733096,2250,6433,,0,0
2016,16980,"Chicago-Naperville-Elgin, IL-IN-WI",,9512968,5123991,0.37,31,214.7,289070,0.48,3.672882557,0.439582676,1,1,31395470,459831,13557,,58,343
2016,17020,"Chico, CA",,226864,106700,0.26,0,5.6,281193,0.75,2.988574743,0.139636844,0,0,56949,0,233,,0,26
2016,17140,"Cincinnati, OH-KY-IN","1.5 to lexington, ky;",2161441,1134241,0.33,0,37.3,205151,0.65,2.585971117,0.523624539,1,1,5129487,85478,1138,,7,408
2016,17300,"Clarksville, TN-KY",<1 to nashville,282075,144112,0.23,0,1.6,171725,0.68,4.516529083,0.026373904,0,0,17004834,0,105428,,0,5
2016,17420,"Cleveland, TN",,123861,64468,0.21,0,0.9,164888,0.70,4.779551506,0.086221106,0,0,11954,0,0,,0,0
2016,17460,"Cleveland-Elyria, OH",,2055612,1076766,0.30,5,78.5,182174,0.64,3.320599079,0.463887006,1,0,5609452,163947,358,,18,474
2016,17660,"Coeur d'Alene, ID",0.75 to spokane,154311,78089,0.26,0,0.0,278747,0.70,2.650491476,0.246765643,0,0,215690,0,238,,0,0
2016,17780,"College Station-Bryan, TX",1.5 to waco; 1.75 to houston,254716,113895,0.35,13,61.9,216364,0.86,2.759936571,0.420909047,0,0,216417,2444,457,,30,7022
2016,17820,"Colorado Springs, CO",,712327,371558,0.38,0,21.1,287820,0.73,3.699424505,0.391856104,0,0,28510046,7014,395132,,0,203
2016,17860,"Columbia, MO",2 hours to kc; 0.5 to jeff city,176594,85292,0.44,3,26.3,203254,0.85,3.35232234,0.31986922,0,0,105264,11950,11,,13,1959
2016,17900,"Columbia, SC","1.25 to augusta, GA",816450,422911,0.33,0,13.4,181120,0.64,5.69583416,0.148925826,0,0,12717080,90182.07813,52185,,9,578
2016,17980,"Columbus, GA-AL",1.45 to warner robins,307816,158882,0.26,0,0.7,173270,0.76,4.560883999,0.052934702,0,0,67924544,0,179740,,0,5
2016,18020,"Columbus, IN",0.75 to indy; 1.75 to cincy; <1 to bloomington,81402,41929,0.33,0,0.0,221572,0.81,1.081054568,0.82825464,0,0,17939,0,0,,0,0
2016,18140,"Columbus, OH",,2041520,1108622,0.36,14,77.5,217984,0.67,2.829596043,0.348780632,1,1,5415669,0,1057,,39,798
2016,18580,"Corpus Christi, TX",,452790,226845,0.21,0,2.4,156010,0.79,5.853486061,0.069015756,0,0,9171659,0,5901,,0,76
2016,18700,"Corvallis, OR",,89385,40213,0.54,4,22.8,317705,0.83,1.241819143,2.450050592,0,0,376409,30880,507,,16,5398
2016,18880,"Crestview-Fort Walton Beach-Destin, FL",1 to pennsacola,267059,140573,0.30,0,0.0,272466,0.65,3.800658226,0.090437166,0,0,16122088,0,330222,,0,0
2016,19060,"Cumberland, MD-WV",,99541,49515,0.16,0,1.8,154385,0.70,2.646145821,0.069645643,0,0,2271397,0,1810,,0,11
2016,19100,"Dallas-Fort Worth-Arlington, TX",,7232599,3870460,0.34,2,27.6,253429,0.55,3.189586401,0.484574586,1,1,14635821,0,3341,,8,205
2016,19140,"Dalton, GA",,143904,71798,0.12,0,0.0,136480,0.71,2.119468451,0.060624681,0,0,8566,0,0,,0,0
2016,19180,"Danville, IL",,78111,38451,0.14,0,0.1,97381,0.79,6.0170784,0.091489017,0,0,529221,49803,259,,0,0
2016,19300,"Daphne-Fairhope-Foley, AL",<0.5 to mobile,208563,106366,0.30,0,0.0,240358,0.56,,0.075886182,0,0,,,,,0,0
2016,19340,"Davenport-Moline-Rock Island, IA-IL",1.25 to dubuqe; 1.5 to cedar rapids,383352,196641,0.26,0,6.6,166486,0.80,3.505347729,0.280071646,0,0,7926688,0,1220,,0,26
2016,19380,"Dayton, OH",0.5 to springfield; 1.25 to columbus; 1 to cincy,800683,409517,0.27,0,16.5,153185,0.75,2.738707304,0.377094537,0,1,18530646,202002,7774,,2,557
2016,19460,"Decatur, AL",,152256,79433,0.18,0,0.0,137905,0.63,1.706551552,0.112874351,0,1,49146,0,0,,0,0
2016,19500,"Decatur, IL",,106550,52765,0.22,0,1.4,125040,0.87,3.725950241,0.181350678,0,0,8966,0,0,,0,0
2016,19660,"Deltona-Daytona Beach-Ormond Beach, FL",1  to orlando,637674,313975,0.24,0,2.6,203578,0.61,3.8248384,0.161826655,0,0,55457,2705,1,,0,48
2016,19740,"Denver-Aurora-Lakewood, CO",,2853077,1606021,0.42,2,21.5,398716,0.57,3.203859568,0.444285154,1,0,15387157,54664.71094,11169,,7,43
2016,19780,"Des Moines-West Des Moines, IA",,634725,337922,0.37,0,7.0,211457,0.79,3.09582901,0.561880827,0,1,2793410,3780,2480,,0,5
2016,19820,"Detroit-Warren-Dearborn, MI",,4297617,2297435,0.30,0,13.0,197168,0.59,5.329926491,0.831779838,1,0,10226916,0,3652,,3,145
2016,20020,"Dothan, AL",,147834,75854,0.18,0,0.1,158346,0.71,3.267856121,0.045887634,0,0,41039,0,0,,0,0
2016,20100,"Dover, DE",1.5 to philly,174827,87783,0.23,0,1.5,220572,0.64,4.148863316,0.082351856,0,0,3886949,0,3232,,0,197
2016,20220,"Dubuque, IA",1.25 to davenport; 1.25 to cedar rapids,97003,48511,0.29,0,4.1,192339,0.90,1.762832046,0.409580976,0,0,5678,0,0,,0,0
2016,20260,"Duluth, MN-WI",nothing,279227,141882,0.25,0,9.5,178028,0.77,2.238322258,0.123732172,0,0,893731,3305,1079,,0,40
2016,20500,"Durham-Chapel Hill, NC",,559535,298782,0.47,30,128.0,266222,0.67,4.13700676,1.30733943,0,0,2330131,5586,401,,62,3844
2016,20700,"East Stroudsburg, PA",1 hr to wilkes-barre; <1 hr to allentown,166098,86399,0.26,0,2.4,178574,0.50,,0.116078444,0,0,,,,,0,1
2016,20740,"Eau Claire, WI",nothing,166614,82218,0.26,0,7.5,192010,0.80,1.308413506,0.343392551,0,0,70120,0,0,,0,18
2016,20940,"El Centro, CA",,180883,86288,0.14,0,0.0,188235,0.79,3.223078012,0.019527324,0,0,1520562,6542,14200,,0,0
2016,21060,"Elizabethtown-Fort Knox, KY",0.75 to louisville,150447,79163,0.22,0,0.0,178989,0.69,1.415781021,0.056045163,0,0,14962,0,56,,0,0
2016,21140,"Elkhart-Goshen, IN",,203781,101488,0.19,0,2.1,149539,0.79,3.533204794,0.307709485,0,0,1766,0,0,,0,0
2016,21300,"Elmira, NY",1 to binghamton,86322,44573,0.27,0,0.9,137898,0.79,1.911447883,1.124622941,0,0,22524,0,5,,0,0
2016,21340,"El Paso, TX",,842114,412482,0.22,0,5.6,142978,0.70,3.632524729,0.051212586,0,0,26585094,0,358682,,0,199
2016,21420,"Enid, OK",1.5 to ok city,62603,31071,0.22,0,0.0,134969,0.87,,0.037492905,0,0,,,,,0,0
2016,21500,"Erie, PA",1.5 to buffalo or cleveland,276207,142947,0.28,0,8.6,163503,0.80,2.309861898,0.330098778,0,0,469645,0,20,,0,9
2016,21660,"Eugene, OR",,369519,185066,0.29,0,22.3,261652,0.80,2.247885466,0.276688963,0,0,699244,13105,532,,7,529
2016,21780,"Evansville, IN-KY",0.75 to owensboro,315948,164439,0.25,0,4.5,161322,0.75,3.016319036,0.281217277,0,0,86800,1429,0,,0,1
2016,22020,"Fargo, ND-MN",1.25 to grand forks,238124,120606,0.39,0,13.5,230780,0.88,2.423107386,0.440714866,0,0,1283522,4246,418,,1,1026
2016,22140,"Farmington, NM",de,115079,58367,0.17,0,0.0,171184,0.66,5.822087288,0.098848812,0,0,1088968,86638,158280,,0,0
2016,22180,"Fayetteville, NC",,380389,195699,0.24,0,1.1,160696,0.72,4.606081963,0.057493314,0,0,35906840,1326,177892,,0,15
2016,22220,"Fayetteville-Springdale-Rogers, AR-MO",nothing,527153,265130,0.31,0,11.2,205268,0.76,2.587484121,0.157551602,0,0,847538,0,104,,0,491
2016,22380,"Flagstaff, AZ",nothing,140908,65219,0.35,0,9.5,289066,0.83,3.392284393,0.471931815,0,0,6304717,69530,36460,,0,421
2016,22420,"Flint, MI",,408615,211429,0.20,0,4.1,144033,0.66,6.608354568,0.349057704,0,0,233181,0,21,,0,32
2016,22500,"Florence, SC",,205976,105381,0.21,0,0.4,134172,0.71,5.275379181,0.211265251,0,0,206707,2880,77,,0,3
2016,22520,"Florence-Muscle Shoals, AL",,146534,74081,0.21,0,0.8,156166,0.65,3.426198244,0.079895705,0,1,365940,237245,17,,0,0
2016,22540,"Fond du Lac, WI",,102144,53323,0.24,0,2.4,203276,0.75,1.997180462,0.34897241,0,0,6439,0,0,,0,0
2016,22660,"Fort Collins, CO",,339993,171892,0.47,3,32.8,363307,0.74,1.794742823,1.358427525,0,0,1623390,2666,111,,9,1955
2016,22900,"Fort Smith, AR-OK",,281227,144688,0.15,0,0.2,151454,0.74,4.288350582,0.066489458,0,0,2483954,0,65402,,0,0
2016,23060,"Fort Wayne, IN",1.75 to south bend,431802,220100,0.27,0,2.5,144706,0.77,2.213977814,0.376808256,0,0,1918084,1067127,216,,0,0
2016,23420,"Fresno, CA",,979915,482887,0.20,0,6.8,279980,0.75,4.640198231,0.090096556,0,0,2617250,7378,1291,,0,24
2016,23460,"Gadsden, AL",,102564,52419,0.16,0,0.0,131728,0.69,5.056932449,0.05019689,0,0,62509,0,12,,0,0
2016,23540,"Gainesville, FL",1.5 to jacksonville,281796,134473,0.38,7,88.6,201293,0.73,5.347840309,0.571493208,0,0,1615055,8964,175,,30,5221
2016,23580,"Gainesville, GA",,196637,99258,0.22,0,0.1,227527,0.66,1.697544217,0.205085799,0,1,88732,0,0,,0,0
2016,23900,"Gettysburg, PA",,102180,51478,0.22,0,6.0,228095,0.60,,0.148854822,0,0,,,,,0,11
2016,24020,"Glens Falls, NY",,126367,67542,0.25,0,0.0,239409,0.66,1.171191812,0.181694642,0,0,10397,0,2,,0,0
2016,24140,"Goldsboro, NC",,124150,63841,0.18,0,0.5,155880,0.77,3.664921522,0.04408348,0,0,3198549,3425,49881,,0,0
2016,24220,"Grand Forks, ND-MN",1.25 to Fargo,102743,48927,0.30,1,4.2,193200,0.86,2.114012718,0.284467727,0,0,3355833,0,5464,,2,1406
2016,24260,"Grand Island, NE",,85584,42079,0.20,0,0.0,150467,0.82,,0.067266524,0,0,,,,,0,0
2016,24300,"Grand Junction, CO",,150083,73722,0.25,0,0.8,254406,0.85,3.45376873,0.168706849,0,0,625881,3676,7229,,0,11
2016,24340,"Grand Rapids-Wyoming, MI","0.75 to kalamazoo, 1 to lansing, 1.25 to battle creek",1047099,540324,0.32,0,29.4,197114,0.76,3.077009201,0.456723928,0,0,695450,0,10,,0,24
2016,24420,"Grants Pass, OR",,85904,41593,0.20,0,0.0,279007,0.81,,0.175067261,0,0,,,,,0,0
2016,24500,"Great Falls, MT",,81755,40577,0.23,0,0.4,187959,0.90,2.519723654,0.020430166,0,0,3848962,0,3042,,0,0
2016,24540,"Greeley, CO",,294932,153712,0.27,0,3.0,295358,0.58,2.681184769,0.53538239,0,0,97637,1200,15990,,0,17
2016,24580,"Green Bay, WI",see above,318236,168709,0.27,0,5.7,188417,0.78,1.989089847,0.137352049,0,0,81046,0,7,,0,7
2016,24660,"Greensboro-High Point, NC",0.5 to winston salem; <1 to durham,756139,394669,0.28,0,14.3,179018,0.73,3.16525507,0.2629278,0,1,501177,23926,0,,2,138
2016,24780,"Greenville, NC",nothing,177220,85601,0.32,0,4.2,158175,0.78,4.062747002,0.148516834,0,0,83985,0,0,,0,305
2016,24860,"Greenville-Anderson-Mauldin, SC",0.75 to spartanburg,884975,455763,0.29,2,30.5,198065,0.69,5.235422611,0.70077306,0,1,205651,0,2,,7,431
2016,25060,"Gulfport-Biloxi-Pascagoula, MS",1 hour to mobile,391266,203053,0.22,0,0.0,172309,0.70,1.94752419,0.066486157,0,0,16233467,402210,26907,,0,0
2016,25180,"Hagerstown-Martinsburg, MD-WV",,263817,143162,0.20,0,0.0,212180,0.60,2.469687223,0.070797808,0,0,2162373,10096,516,,0,1
2016,25220,"Hammond, LA",0.75 to baton rouge,130710,65833,0.20,0,1.2,189827,0.54,,0.064603657,0,0,,,,,0,35
2016,25260,"Hanford-Corcoran, CA",,149785,77706,0.12,0,0.0,219179,0.72,4.646660328,0.033545148,0,0,3860991,0,18833,,0,0
2016,25420,"Harrisburg-Carlisle, PA",,568033,301411,0.33,0,14.5,210512,0.72,2.353736401,0.402664304,0,0,22150858,0,2754,,0,7
2016,25500,"Harrisonburg, VA",nothing,132822,60205,0.29,0,16.8,237946,0.79,1.377783775,0.070984468,0,0,197498,0,0,,0,113
2016,25540,"Hartford-West Hartford-East Hartford, CT",,1206836,634410,0.38,3,61.5,280769,0.67,2.151079416,0.66865474,0,0,1649861,30579,307,,17,408
2016,25620,"Hattiesburg, MS",1.75 to mobile,148803,75006,0.29,0,4.1,165419,0.73,0.806435347,0.073646516,0,0,263493,0,8518,,4,711
2016,25860,"Hickory-Lenoir-Morganton, NC",1 hour to charlotte,364187,190958,0.17,0,1.3,162081,0.72,1.924835324,0.286621869,0,0,14006,0,0,,0,0
2016,25940,"Hilton Head Island-Bluffton-Beaufort, SC",,211614,97570,0.38,0,0.0,411028,0.65,,0.103020415,0,0,,,,,0,0
2016,25980,"Hinesville, GA",,82687,40443,0.16,0,0.0,178041,0.73,3.465049505,0.022005294,0,0,14999880,0,284528,,0,0
2016,26140,"Homosassa Springs, FL",,143621,64796,0.20,0,0.0,167638,0.62,,0.073168188,0,0,,,,,0,0
2016,26300,"Hot Springs, AR",,97477,47939,0.18,0,0.0,167930,0.77,3.980426073,0.095744416,0,0,168469,23022,2,,0,0
2016,26380,"Houma-Thibodaux, LA",,211525,110655,0.16,0,0.8,170695,0.70,2.411062479,0.156601712,0,0,109795,2445,411,,0,23
2016,26420,"Houston-The Woodlands-Sugar Land, TX",,6772470,3619622,0.32,8,60.5,253481,0.51,5.409252644,0.545435429,1,1,8119380,91628,1916,,24,393
2016,26580,"Huntington-Ashland, WV-KY-OH",,359588,183745,0.20,0,2.7,177125,0.69,2.211584806,0.078453436,0,0,1626933,8498,397,,0,167
2016,26620,"Huntsville, AL",0.5 to decatur,449720,242860,0.37,0,6.5,217050,0.71,4.675434589,0.622597158,0,0,15883976,22233,31252,,1,373
2016,26820,"Idaho Falls, ID",<1 to pocatello,143776,67997,0.31,0,0.0,192225,0.80,1.488426447,0.509046257,0,0,227544,1600,1709,,0,0
2016,26900,"Indianapolis-Carmel-Anderson, IN",,2001737,1065974,0.34,0,18.9,196579,0.65,6.110293388,0.419177145,1,1,7477605,0,34424,,4,1
2016,26980,"Iowa City, IA",,168828,82079,0.49,3,33.4,231283,0.80,2.517354965,0.54621911,0,0,727317,0,15,,23,4632
2016,27060,"Ithaca, NY",,104871,47187,0.52,22,177.5,221567,0.85,1.220547199,1.643669009,0,0,69736,0,2,,44,14657
2016,27100,"Jackson, MI",0.75 to ann arbor; 0.75 to lansing,158460,83342,0.22,0,0.5,171789,0.70,4.148681164,0.221972302,0,0,3914,0,0,,0,3
2016,27140,"Jackson, MS", ,580178,302955,0.30,0,5.9,183024,0.66,3.446473598,0.05920174,0,0,2757469,3711,1425,,0,189
2016,27180,"Jackson, TN",nothing,129527,64601,0.19,0,1.1,147153,0.79,7.681796074,0.080117404,0,0,178393,3800,0,,0,0
2016,27260,"Jacksonville, FL",,1478212,795465,0.31,0,3.3,244408,0.59,5.064226151,0.152755275,1,0,15809722,0,13749,,0,11
2016,27340,"Jacksonville, NC",nothing,187136,83421,0.19,0,0.0,176046,0.76,1.063397765,0.018257298,0,0,28115640,1647,126771,,0,0
2016,27500,"Janesville-Beloit, WI",0.75 to madison; 1.25 to milwaukee,161620,83760,0.22,0,6.1,165506,0.71,2.307882786,0.424464762,0,0,3806,0,0,,0,6
2016,27620,"Jefferson City, MO",0.5 to columbia,148915,78292,0.27,0,1.1,171311,0.74,2.410771132,0.01396964,0,0,860059,2034,52,,0,116
2016,27740,"Johnson City, TN",1.5 to knoxville,200449,102176,0.26,0,3.2,175632,0.72,2.903481722,0.144412458,0,0,897046,0,188,,0,107
2016,27780,"Johnstown, PA",1.5 to pitt,134732,67040,0.22,0,2.3,115046,0.71,1.796158314,0.055844333,0,0,82398,0,135,,0,47
2016,27860,"Jonesboro, AR",1.25 to memphis,129858,65251,0.21,0,1.7,146593,0.85,3.935067654,0.123579971,0,0,5424,0,0,,0,208
2016,27900,"Joplin, MO",1.25 to springfield,177805,89213,0.20,0,0.7,150143,0.84,3.247173309,0.197409004,0,1,201257,6503,4368,,0,0
2016,28020,"Kalamazoo-Portage, MI", ,336877,164558,0.34,1,16.6,178623,0.77,4.523906231,0.360708237,0,0,784804,0,7778,,2,100
2016,28100,"Kankakee, IL",,110008,55221,0.19,0,0.8,160950,0.70,2.936150074,0.206752136,0,0,24562,0,0,,0,0
2016,28140,"Kansas City, MO-KS",,2104115,1117866,0.37,1,6.9,217714,0.68,4.747363091,0.426915675,1,0,21021482,1841434.25,7197,,2,27
2016,28420,"Kennewick-Richland, WA",nothing,283846,141204,0.26,0,0.0,223893,0.77,2.008131266,0.390049756,0,0,4274665,864764,375247,,0,0
2016,28660,"Killeen-Temple, TX",1 hour to austin,435887,220347,0.21,0,0.5,157998,0.78,3.356374502,0.056042332,0,0,25916308,4474,214309,,0,0
2016,28700,"Kingsport-Bristol-Bristol, TN-VA",,307723,160228,0.19,0,2.1,163641,0.70,3.24317646,0.296473473,0,0,2491520,0,6049,,0,0
2016,28740,"Kingston, NY",nothing,179225,96075,0.33,0,1.5,253930,0.61,1.852420092,0.62777549,0,0,7820,0,0,,0,2
2016,28940,"Knoxville, TN",nothing,869076,448270,0.29,2,24.0,210762,0.69,3.695879221,0.349138677,0,0,9060753,1360330,36032,,10,771
2016,29020,"Kokomo, IN",,82568,41492,0.21,0,0.4,127785,0.84,2.228466272,0.34753263,0,0,3278,0,0,,0,0
2016,29100,"La Crosse-Onalaska, WI-MN","1.75 to eau claire; 1.25 to rocheester, MN",136936,66750,0.35,0,7.5,188013,0.82,1.153823733,0.224603325,0,0,71915,0,73,,0,48
2016,29180,"Lafayette, LA",nothing,491528,256942,0.23,2,2.6,188952,0.69,4.124873638,0.241826937,0,0,513604,0,64,,2,282
2016,29200,"Lafayette-West Lafayette, IN",1 to indy,217439,97816,0.34,18,70.1,176784,0.80,,0.917461038,0,0,,,,,27,5044
2016,29340,"Lake Charles, LA",,207432,108095,0.20,0,0.8,175198,0.79,5.537849903,0.064885817,0,0,153576,0,698,,0,11
2016,29420,"Lake Havasu City-Kingman, AZ",nothing,205249,96331,0.11,0,0.0,171494,0.77,1.973213077,0.043550577,0,0,130144,0,17633,,0,0
2016,29460,"Lakeland-Winter Haven, FL",0.45 to orlando; 0.45 to tampa,666149,327597,0.20,0,0.9,159879,0.65,3.314573765,0.086710751,0,0,81416,32076,2,,0,0
2016,29540,"Lancaster, PA",<1 to harrisburg,538500,269075,0.25,0,18.1,239890,0.69,1.626740932,0.358142048,0,0,13998,1000,6,,0,16
2016,29620,"Lansing-East Lansing, MI",,475099,234429,0.34,12,60.5,165110,0.78,4.077868938,0.228951931,0,0,341352,0,50,,33,1830
2016,29700,"Laredo, TX",,271193,123714,0.17,0,0.1,136530,0.75,3.96765399,0.007183413,0,0,607558,0,251,,0,14
2016,29740,"Las Cruces, NM",0.75 to el paso,214207,97694,0.26,0,9.2,165744,0.78,2.852380991,0.100093864,0,0,7617671,4405,2736244,,2,1682
2016,29820,"Las Vegas-Henderson-Paradise, NV",,2155664,1160759,0.23,0,4.0,273403,0.65,7.121239662,0.194645956,1,0,11425077,16018,11935,,0,44
2016,29940,"Lawrence, KS",0.75 to KC; 0.5 to topeka; 1.25 to manhattan,119440,55807,0.52,1,25.5,231876,0.73,2.160460949,0.439954519,0,0,390637,0,320,,7,3999
2016,30020,"Lawton, OK",1.5 to okc,127762,64273,0.20,0,0.5,170982,0.87,7.232197285,0.068574823,0,0,14528125,0,42854,,0,0
2016,30140,"Lebanon, PA",0.75 to harrisburg,138863,68504,0.21,0,2.8,188409,0.68,1.505080581,0.224045187,0,0,4716006,14331,17615,,0,0
2016,30300,"Lewiston, ID-WA",,62675,31211,0.20,0,0.5,202326,0.89,1.85081768,0.073320605,0,0,39567,0,14,,0,0
2016,30340,"Lewiston-Auburn, ME",1.5 to bangor,107319,56871,0.22,0,10.5,179940,0.66,1.416338205,0.054922994,0,1,7220,0,0,,0,28
2016,30460,"Lexington-Fayette, KY",,506751,265644,0.37,7,31.6,229747,0.73,2.569309235,0.436401069,0,0,1235354,0,1332,,15,1525
2016,30620,"Lima, OH",,103742,51244,0.17,0,0.5,130020,0.82,3.944972992,0.055850368,0,0,1651419,0,369,,0,6
2016,30700,"Lincoln, NE",1 to omaha,326591,159037,0.40,4,28.1,207597,0.82,2.921084881,0.341816604,0,1,1546638,3449,330,,12,2150
2016,30780,"Little Rock-North Little Rock-Conway, AR",,734381,382489,0.31,0,6.3,193906,0.70,6.941122532,0.097703055,0,0,8829191,85839.39844,50085,,0,391
2016,30860,"Logan, UT-ID",<1 to ogden,135439,56214,0.37,2,14.0,233751,0.85,0.524221241,0.722033918,0,0,138459,0,334,,2,2653
2016,30980,"Longview, TX",1 to shreveport,217446,109999,0.20,0,0.8,156984,0.70,3.830836058,0.143687621,0,0,15393,0,0,,0,10
2016,31020,"Longview, WA",,105160,53129,0.17,0,0.0,224124,0.70,2.424876451,0.091727078,0,0,63909,7091,1655,,0,0
2016,31080,"Los Angeles-Long Beach-Anaheim, CA",,13310447,7285954,0.34,62,378.4,727823,0.51,,0.538683236,1,1,,,,,112,381
2016,31140,"Louisville/Jefferson County, KY-IN",,1283297,687924,0.28,1,6.7,203597,0.66,3.895095587,0.204045281,0,0,17200762,0,128407,,2,17
2016,31180,"Lubbock, TX",nothing,313910,147143,0.30,0,9.9,168381,0.88,7.175092697,0.116574265,0,0,356262,0,98,,1,1057
2016,31340,"Lynchburg, VA",1.25 to charlottesville,261167,125505,0.27,0,4.2,197672,0.70,2.311561346,0.191106051,0,0,190925,2913,352,,0,1
2016,31420,"Macon-Bibb County, GA",0.5 from warner robins,226998,117019,0.24,0,3.6,152741,0.71,4.041062355,0.083875455,0,0,313196,0,1164,,0,317
2016,31460,"Madera, CA",,154697,75545,0.12,0,0.0,281582,0.64,5.740253448,0.067023136,0,0,114911,7111,0,,0,0
2016,31540,"Madison, WI",,648929,341433,0.47,28,136.4,281753,0.74,1.98429513,0.807014883,0,0,2541960,12773,463,,57,2875
2016,31700,"Manchester-Nashua, NH",,407761,225510,0.37,0,2.0,289235,0.64,2.624086142,1.038963675,0,0,474729,7976,30,,0,0
2016,31740,"Manhattan, KS",,97004,42412,0.43,4,20.3,217102,0.87,2.422580481,0.265599251,0,0,12712090,0,78138,,9,3524
2016,31860,"Mankato-North Mankato, MN",1.5 to minny,100016,46096,0.32,0,13.2,200050,0.86,1.7797153,0.446116507,0,0,14024,0,0,,0,56
2016,31900,"Mansfield, OH",,121107,62726,0.18,0,0.0,124393,0.78,2.115975142,0.082341798,0,0,445820,0,287,,0,3
2016,32580,"McAllen-Edinburg-Mission, TX",,849843,379606,0.18,0,2.9,109240,0.78,3.224830866,0.020528821,0,0,604598,0,1398,,0,48
2016,32780,"Medford, OR",nothing,216527,108936,0.27,0,1.7,292642,0.82,3.113195658,0.221179783,0,0,440281,27960,471,,0,10
2016,32820,"Memphis, TN-MS-AR",,1346437,704503,0.27,0,7.5,177757,0.65,10.31954956,0.249590963,0,0,7137691,0,2771,,1,73
2016,32900,"Merced, CA",,268672,129063,0.14,0,0.0,274637,0.69,5.52718544,0.035298914,0,0,156382,0,664,,0,225
2016,33100,"Miami-Fort Lauderdale-West Palm Beach, FL",,6066387,3252195,0.31,2,28.1,355263,0.52,5.089025974,0.25196448,1,0,8829952,30106.30078,2796,,13,168
2016,33140,"Michigan City-La Porte, IN",,110015,58409,0.18,0,0.2,161494,0.69,1.466683149,0.093939759,0,0,4005,0,0,,0,0
2016,33220,"Midland, MI",,83462,44042,0.34,0,0.0,165076,0.73,,1.679219246,0,0,,,,,0,0
2016,33260,"Midland, TX",nothing,168323,87036,0.26,0,0.0,226687,0.84,3.101180553,0.228259623,0,1,188068,0,0,,0,0
2016,33340,"Milwaukee-Waukesha-West Allis, WI",,1572482,832401,0.35,2,24.6,240473,0.70,6.347290516,0.475675911,1,0,3235609,188548,322,,2,348
2016,33460,"Minneapolis-St. Paul-Bloomington, MN-WI",,3551036,1931380,0.41,18,117.0,280403,0.63,2.569817066,1.091555357,1,0,6744862,1808,1976,,40,453
2016,33540,"Missoula, MT",nothing,116130,61209,0.41,1,7.6,306430,0.84,2.660811186,0.105463818,0,0,975671,7366,12218,,1,1060
2016,33660,"Mobile, AL",,414836,214918,0.24,0,3.1,156789,0.64,5.112513065,0.080910884,0,0,599277,0,4,,0,186
2016,33700,"Modesto, CA",,541560,273353,0.16,0,1.2,306806,0.64,5.218258381,0.105025843,0,0,34454,0,2,,0,2
2016,33740,"Monroe, LA",1.5 to shreveport,179470,89993,0.21,0,1.5,175838,0.76,12.15295506,0.055477988,0,0,96535,0,0,,0,46
2016,33780,"Monroe, MI",0.75 to detroit,149208,79046,0.19,0,0.0,170553,0.62,2.200101376,0.327735871,0,0,57503,0,303,,0,0
2016,33860,"Montgomery, AL",1.5 to birmingham,376163,198558,0.28,0,3.2,179001,0.71,3.870396614,0.051427297,0,0,8155653,0,3301,,0,88
2016,34060,"Morgantown, WV",1.25 to wheeling,138380,70508,0.33,0,9.8,189351,0.71,2.102905035,0.243630305,0,0,310937,8295,3459,,0,2479
2016,34100,"Morristown, TN",,117320,60307,0.17,0,0.8,160715,0.71,3.784520864,0.084126003,0,0,13316,0,3,,0,0
2016,34580,"Mount Vernon-Anacortes, WA",,123681,61825,0.24,0,0.0,319191,0.65,1.997073174,0.085605271,0,0,216784,16511,92,,0,0
2016,34620,"Muncie, IN",1.25 to indy,115603,51593,0.23,0,6.2,113227,0.76,2.854597092,0.112154506,0,0,13055,0,0,,0,140
2016,34740,"Muskegon, MI",0.75 to grand rapids,173408,90007,0.17,0,0.1,137213,0.76,4.371193886,0.107930459,0,0,14440,0,1,,0,0
2016,34820,"Myrtle Beach-Conway-North Myrtle Beach, SC-NC",,449295,227352,0.24,0,1.6,218541,0.75,3.890742064,0.075713553,0,0,117665,1275,7,,0,12
2016,34900,"Napa, CA",,142166,73365,0.35,0,0.6,759725,0.67,3.756172419,0.273465514,0,0,20992,0,3,,0,0
2016,34940,"Naples-Immokalee-Marco Island, FL",,365136,162752,0.34,0,0.1,537884,0.66,2.464834929,0.305886835,0,0,125612,8368,0,,0,0
2016,34980,"Nashville-Davidson--Murfreesboro--Franklin, TN",,1865535,1013187,0.34,3,35.5,275377,0.57,5.803697109,0.158466026,1,0,3260762,589,506,,15,650
2016,35100,"New Bern, NC","1 hr to greenville, nc",124635,59188,0.24,0,0.0,193158,0.73,,0.150685325,0,0,,,,,0,0
2016,35300,"New Haven-Milford, CT",,856875,453748,0.35,22,79.5,281353,0.67,3.140481472,0.636836529,0,0,1394369,0,67,,31,1412
2016,35380,"New Orleans-Metairie, LA",,1268883,693754,0.29,2,29.6,242642,0.63,5.147834778,0.107507654,0,0,9170757,899251,5709,,4,349
2016,35620,"New York-Newark-Jersey City, NY-NJ-PA",,20153634,10976570,0.39,49,297.9,554767,0.42,3.699289799,0.447741985,1,1,43956700,2194737,28006,,106,350
2016,35660,"Niles-Benton Harbor, MI",<0.5 to south bend,154010,78626,0.28,0,1.7,194327,0.80,3.931562901,0.782826126,0,0,10524,4320,0,,0,8
2016,35840,"North Port-Sarasota-Bradenton, FL",,788457,361375,0.31,0,8.5,295277,0.65,3.803631544,0.336659253,0,0,84361,0,0,,0,4
2016,35980,"Norwich-New London, CT",,269801,142293,0.32,0,8.2,273560,0.71,1.604886532,0.448201418,0,0,3592309,0,1366,,0,15
2016,36100,"Ocala, FL",,349020,160477,0.18,0,0.0,181778,0.70,4.062804222,0.140258878,0,0,102783,0,0,,0,0
2016,36140,"Ocean City, NJ",,94430,46229,0.32,0,0.0,391241,0.78,2.425076723,0.050985027,0,0,14592,0,4,,0,0
2016,36220,"Odessa, TX",,157462,78217,0.15,0,0.1,156662,0.76,8.897384644,0.108073369,0,0,2580,0,0,,0,16
2016,36260,"Ogden-Clearfield, UT",0.75 to salt lake; <1 to logan,656061,320874,0.30,0,2.4,267428,0.71,1.53164804,0.366434067,0,0,15115065,0,29032,,0,3
2016,36420,"Oklahoma City, OK",,1373211,711902,0.30,0,18.5,191735,0.71,4.535667419,0.139511958,0,0,23855920,27205,8919,,4,358
2016,36500,"Olympia-Tumwater, WA",,275222,149203,0.35,0,8.0,289642,0.68,2.201858759,0.190971106,0,0,158050,0,34,,0,7
2016,36540,"Omaha-Council Bluffs, NE-IA",,924495,483640,0.35,0,8.3,201646,0.78,3.563583612,0.170609251,0,1,8320861,628,5228,,0,61
2016,36740,"Orlando-Kissimmee-Sanford, FL",,2441257,1313084,0.31,2,13.4,244720,0.54,5.026918411,0.25256291,1,0,3294486,0,717,,4,105
2016,36780,"Oshkosh-Neenah, WI",0.5 to appleton; <1 to green bay,169886,87801,0.28,0,3.2,178779,0.83,1.71879971,0.59278667,0,0,14405,0,0,,0,16
2016,36980,"Owensboro, KY",,119706,59855,0.21,0,1.0,169878,0.78,1.261423826,0.116282478,0,1,55926,0,0,,0,0
2016,37100,"Oxnard-Thousand Oaks-Ventura, CA",,849738,443822,0.34,0,2.0,593881,0.67,2.224215031,0.80163449,0,0,11535027,100902,29440,,0,3
2016,37340,"Palm Bay-Melbourne-Titusville, FL",1.25 to orlando,579130,295210,0.29,2,6.5,218377,0.66,4.738141537,0.573428571,0,0,13479502,719193,157332,,2,46
2016,37460,"Panama City, FL",1.5 to destin,200893,106180,0.23,0,0.0,195704,0.70,4.82346344,0.177273542,0,0,5847608,0,27650,,0,0
2016,37620,"Parkersburg-Vienna, WV","1.75 to colubus, oh",90554,46434,0.24,0,0.1,145203,0.80,2.042979956,0.182536528,0,0,536844,0,16,,0,0
2016,37860,"Pensacola-Ferry Pass-Brent, FL",1 to mobile,485684,253046,0.27,0,2.7,193558,0.68,4.916777134,0.110468939,0,0,11715072,7417,15958,,0,19
2016,37900,"Peoria, IL",0.75 to bloomington; ,376044,193418,0.28,0,6.9,167469,0.78,3.175287008,0.550677717,0,0,653190,0,982,,0,9
2016,37980,"Philadelphia-Camden-Wilmington, PA-NJ-DE-MD",,6070500,3250603,0.37,23,233.8,288459,0.54,4.584608078,0.4856399,1,0,30281166,115545,35633,,54,468
2016,38060,"Phoenix-Mesa-Scottsdale, AZ",,4661537,2391221,0.31,3,30.5,286149,0.61,3.543466568,0.459587991,1,0,8497522,34151,159777,,16,161
2016,38220,"Pine Bluff, AR",,94071,48724,0.17,0,0.5,109690,0.74,6.984086514,0.015866157,0,0,3734176,0,14641,,0,224
2016,38300,"Pittsburgh, PA",,2342299,1249968,0.35,14,117.7,183462,0.60,2.920634747,0.404079467,1,0,8236608,665164,1356,,40,897
2016,38340,"Pittsfield, MA",,126903,64463,0.34,0,35.5,276168,0.74,2.911109924,0.247492313,0,0,1018546,0,31,,0,74
2016,38540,"Pocatello, ID",,84377,41967,0.28,0,2.7,158756,0.86,2.216243744,0.186229795,0,0,83732,0,9,,0,533
2016,38860,"Portland-South Portland, ME",nothing,529657,288482,0.39,0,18.3,293875,0.66,1.253641486,0.349107057,0,0,5449981,0,16543,,0,61
2016,38900,"Portland-Vancouver-Hillsboro, OR-WA",,2425325,1352077,0.39,2,49.1,384008,0.59,2.405395746,0.909886777,1,0,6533669,148681,783,,7,342
2016,38940,"Port St. Lucie, FL",,465208,219541,0.24,0,0.0,255397,0.59,2.85893631,0.467588156,0,0,289623,15859,516,,0,0
2016,39140,"Prescott, AZ",1.75 to phoenix,225562,104889,0.24,0,1.6,263355,0.73,1.782215118,0.178456217,0,0,518271,68104,45042,,0,1
2016,39300,"Providence-Warwick, RI-MA",,1614750,858199,0.32,11,105.9,308772,0.65,3.291265726,0.393005878,1,0,9943718,1000,1876,,21,399
2016,39340,"Provo-Orem, UT",,602543,251421,0.38,0,72.5,313141,0.75,0.707003474,0.933484852,0,0,159384,2304,6,,0,122
2016,39380,"Pueblo, CO",,165123,82713,0.21,0,0.8,198827,0.77,5.686669827,0.127281055,0,0,5912455,960,23132,,0,6
2016,39460,"Punta Gorda, FL",,178465,75970,0.24,0,0.0,222232,0.66,1.652985215,0.163810059,0,0,0,0,10,,0,0
2016,39540,"Racine, WI",0.75 to milwaukee,195140,101878,0.23,0,0.0,202808,0.64,1.998565078,0.435882211,0,0,2685,0,0,,0,0
2016,39580,"Raleigh, NC",,1302946,717071,0.47,10,61.2,272623,0.61,2.004582167,1.099489927,0,0,989804,8955,15,,28,662
2016,39660,"Rapid City, SD",nothing,143367,73094,0.30,0,1.4,224006,0.87,3.913034439,0.123555541,0,0,5171707,38533,4082,,0,749
2016,39740,"Reading, PA","1.25 to harrisburg, 1 to allentown",414812,212252,0.25,0,2.3,206982,0.69,3.268950701,0.207219318,0,0,89022,0,0,,0,0
2016,39820,"Redding, CA",,179631,89715,0.22,0,0.1,273007,0.84,7.097884178,0.076461405,0,0,424649,48476,160,,0,0
2016,39900,"Reno, NV",,457387,243384,0.29,0,6.2,361885,0.77,3.633684397,0.661444962,0,0,1711539,1528,395,,1,640
2016,40060,"Richmond, VA",,1282066,692724,0.37,0,19.2,265627,0.65,2.299886227,0.189303026,0,0,21814634,32499.5,83422,,4,427
2016,40140,"Riverside-San Bernardino-Ontario, CA",,4527837,2302941,0.21,3,24.0,353610,0.54,3.211467266,0.148691475,1,0,21830714,17934,335161,,6,103
2016,40220,"Roanoke, VA",2 to charlottesville,312576,163381,0.26,0,3.4,229195,0.57,2.047792912,0.309589446,0,0,1428822,2786,235,,0,11
2016,40340,"Rochester, MN",1.25 to minny,215884,111703,0.37,0,0.0,228343,0.78,1.394267321,2.042996883,0,0,23899,0,54,,0,0
2016,40380,"Rochester, NY",1.5 to syracuse or buffalo,1078879,560566,0.34,3,69.3,170050,0.75,2.677901268,1.670443654,0,0,512716,71409,256,,18,874
2016,40420,"Rockford, IL",1.5 to chicago,339376,174248,0.22,0,0.4,152313,0.75,6.727052212,0.506339669,0,0,254681,0,0,,0,0
2016,40580,"Rocky Mount, NC",0.75 to greenville; ,147323,75821,0.17,0,0.4,146855,0.72,4.564491272,0.087063871,0,0,19077,0,0,,0,0
2016,40660,"Rome, GA",1.25 to atlanta,96560,48225,0.24,0,3.3,155631,0.72,3.46934557,0.057848226,0,0,0,0,0,,0,0
2016,40900,"Sacramento--Roseville--Arden-Arcade, CA",,2296418,1206366,0.33,13,103.6,404665,0.62,4.012335777,0.282683164,1,0,4456282,7193,2611,,34,734
2016,40980,"Saginaw, MI",0.75 to flint,192326,96156,0.23,0,1.1,120226,0.75,6.714293957,0.292508543,0,1,361813,0,18,,0,0
2016,41060,"St. Cloud, MN",,195644,95827,0.25,0,11.3,202357,0.80,1.753184319,0.133195743,0,0,506272,4097,224,,0,31
2016,41100,"St. George, UT",nothing,160245,68811,0.28,0,0.0,283601,0.86,1.248088837,0.216576904,0,0,346090,0,1535,,0,0
2016,41140,"St. Joseph, MO-KS",1 hour to kc,127528,67840,0.22,0,0.8,143613,0.81,3.476883411,0.134208128,0,1,414275,0,437,,0,0
2016,41180,"St. Louis, MO-IL",,2807954,1498066,0.34,9,64.4,214825,0.62,4.2768507,0.329703391,1,0,15637900,1314581.625,8802,,19,1078
2016,41420,"Salem, OR",,418139,206919,0.24,0,6.8,257664,0.68,2.277407169,0.147644117,0,0,352928,5976,398,,0,8
2016,41500,"Salinas, CA",,435232,220202,0.25,0,0.5,636126,0.74,4.211546898,0.2438218,0,0,7767627,2172,135981,,0,540
2016,41540,"Salisbury, MD-DE",,400200,194587,0.26,0,4.7,280496,0.66,4.011176109,0.077964261,0,0,138652,11265.59961,5,,0,53
2016,41620,"Salt Lake City, UT",,1186187,618788,0.33,2,30.7,310625,0.71,3.349387646,0.584100008,0,0,10423180,0,64998,,12,700
2016,41660,"San Angelo, TX",nothing,120189,58864,0.25,0,1.9,153331,0.89,2.903759956,0.031809509,0,0,2806789,0,1319,,0,45
2016,41700,"San Antonio-New Braunfels, TX",,2429609,1253083,0.28,0,19.3,206012,0.61,3.882369041,0.196251288,1,0,38060340,11822,44020,,0,307
2016,41740,"San Diego-Carlsbad, CA",,3317749,1789905,0.37,12,119.1,617912,0.63,3.190416098,1.507548928,1,0,69596528,0,321899,,21,350
2016,41860,"San Francisco-Oakland-Hayward, CA",,4679166,2680912,0.48,43,276.5,957792,0.46,4.881853104,2.031059504,1,0,29164726,957048.3125,23195,,47,799
2016,41940,"San Jose-Sunnyvale-Santa Clara, CA",,1978816,1106034,0.50,32,125.1,1129408,0.55,2.462078333,6.952212811,1,0,3887506,199612,711,,35,944
2016,42020,"San Luis Obispo-Paso Robles-Arroyo Grande, CA",,282887,134596,0.36,0,22.4,615567,0.76,4.160671711,0.36299476,0,0,1709553,0,40054,,0,0
2016,42100,"Santa Cruz-Watsonville, CA",,274673,138195,0.41,3,45.8,787752,0.63,4.14674902,1.854776502,0,0,132748,0,3,,11,1120
2016,42140,"Santa Fe, NM",1 hr to abq,148651,76696,0.42,0,1.3,351450,0.69,2.650503635,0.500637949,0,0,407245,13042,21,,0,0
2016,42200,"Santa Maria-Santa Barbara, CA",,446170,210739,0.32,9,59.0,840976,0.79,,1.0087744,0,0,,,,,20,1113
2016,42220,"Santa Rosa, CA",,503070,268357,0.34,0,3.3,657446,0.69,3.61977458,0.55996567,0,0,118929,0,0,,0,3
2016,42340,"Savannah, GA",2 to charleston,384024,201613,0.31,0,1.7,237972,0.64,3.357900858,0.098378018,0,0,1504553,0,375,,0,21
2016,42540,"Scranton--Wilkes-Barre--Hazleton, PA",1.25 to allentown; 1 to east stroudsburg,555225,287162,0.24,0,9.6,160031,0.73,2.299968481,0.127839625,0,0,2317461,0,188,,0,3
2016,42660,"Seattle-Tacoma-Bellevue, WA",,3798902,2156401,0.42,22,100.6,484306,0.52,3.138275146,1.298919559,1,0,41557948,70000,404557,,45,559
2016,42680,"Sebastian-Vero Beach, FL",,151563,64455,0.29,0,0.0,346585,0.77,2.678754091,0.302998334,0,0,41574,0,0,,0,0
2016,42700,"Sebring, FL",,100917,42589,0.13,0,0.0,143373,0.79,,0.071909927,0,0,,,,,0,0
2016,43100,"Sheboygan, WI",1.25 to green bay; 1.25 to appleton,115427,60522,0.26,0,0.1,180142,0.84,1.611408114,0.32877937,0,1,2840,0,0,,0,0
2016,43300,"Sherman-Denison, TX",,128235,64062,0.19,0,2.5,161717,0.74,2.596794844,0.160240129,0,0,94217,0,0,,0,1
2016,43340,"Shreveport-Bossier City, LA",,441767,227734,0.22,0,2.2,186422,0.77,5.197281361,0.106107153,0,0,6154359,0,305,,0,0
2016,43420,"Sierra Vista-Douglas, AZ",2 hours to touscon,125770,61286,0.24,0,0.0,146647,0.78,,0.072039127,0,0,,,,,0,0
2016,43580,"Sioux City, IA-NE-SD",1.5 from omaha,167947,83341,0.21,0,0.6,143751,0.81,2.447200537,0.194547236,0,1,625665,0,162,,0,0
2016,43620,"Sioux Falls, SD",nothing,256479,134124,0.34,0,2.2,228726,0.85,3.19324398,0.295508355,0,0,718008,0,201,,0,9
2016,43780,"South Bend-Mishawaka, IN-MI",,320740,161067,0.26,1,39.5,158223,0.75,3.16143918,0.339295328,0,0,254195,0,1,,7,753
2016,43900,"Spartanburg, SC",,329136,169131,0.21,0,1.6,156098,0.71,3.839897394,0.222983062,0,0,68529,0,4,,0,0
2016,44060,"Spokane-Spokane Valley, WA",,556264,289531,0.30,0,10.2,238538,0.73,3.093854666,0.253386289,0,0,5298878,0,77919,,0,18
2016,44100,"Springfield, IL",45 min to decatur,208892,108732,0.35,0,1.3,161078,0.81,7.673821926,0.157652169,0,0,795464,4336,78,,0,15
2016,44140,"Springfield, MA",,630283,314523,0.31,5,102.3,248732,0.71,5.026746273,0.247383371,0,0,3037153,4690,2444,,14,614
2016,44180,"Springfield, MO",nothing,456434,224880,0.27,0,7.2,173193,0.73,5.318303585,0.080552496,0,0,225032,1864,294,,0,40
2016,44220,"Springfield, OH",,134786,66997,0.18,0,5.5,127429,0.72,3.707464218,0.153823689,0,0,588732,0,192,,0,1
2016,44300,"State College, PA",,161464,78162,0.48,28,108.3,253219,0.81,0.786553025,0.641189158,0,0,140822,0,2,,45,10487
2016,44420,"Staunton-Waynesboro, VA",1.75 to richmond,121247,62555,0.28,0,0.9,223241,0.70,,0.099994987,0,0,,,,,0,0
2016,44700,"Stockton-Lodi, CA",,733709,369708,0.17,0,2.9,338518,0.59,7.286267281,0.166215926,0,0,6482982,0,109,,0,16
2016,44940,"Sumter, SC",,107396,53083,0.19,0,0.0,171027,0.75,6.618171692,0.045179456,0,0,3382765,0,2893,,0,0
2016,45060,"Syracuse, NY",,656510,339781,0.31,3,35.9,167070,0.77,2.882210493,0.431250125,0,0,1876652,0,407,,6,427
2016,45220,"Tallahassee, FL",nothing,380110,185947,0.39,0,25.3,206903,0.71,6.732261658,0.226423666,0,0,484598,5606,226,,6,1376
2016,45300,"Tampa-St. Petersburg-Clearwater, FL",,3032171,1594442,0.29,1,17.0,227918,0.59,3.574996233,0.241720125,1,0,9615331,0,5952,,4,267
2016,45460,"Terre Haute, IN",1.5 to bloomington,169518,84756,0.21,0,10.8,123241,0.72,1.93489778,0.089203872,0,0,407861,0,121,,0,47
2016,45500,"Texarkana, TX-AR",,149721,77333,0.18,0,0.0,135256,0.80,5.343271732,0.024150327,0,0,8066066,0,14729,,0,0
2016,45540,"The Villages, FL",,123996,38905,0.29,0,0.0,247297,0.65,,0.045472521,0,0,,,,,0,0
2016,45780,"Toledo, OH",<1 to ann arbor; 1.25 to detroit,605221,308571,0.27,0,13.3,154983,0.78,5.547934532,0.312262625,0,1,699623,0,570,,2,275
2016,45820,"Topeka, KS",,233068,117666,0.28,0,0.7,159330,0.78,3.728700161,0.039264429,0,0,1866718,10769,336,,0,1
2016,45940,"Trenton, NJ",,371023,196563,0.43,17,98.6,368953,0.63,3.47393322,1.303444386,0,0,573116,0,0,,22,9
2016,46060,"Tucson, AZ",,1016206,483186,0.32,10,58.9,216995,0.66,4.389857769,0.720310569,0,0,8414318,37750,9487,,32,1385
2016,46140,"Tulsa, OK",,987958,509518,0.27,0,5.3,179001,0.74,4.575277328,0.233585507,0,0,1347861,0,233,,0,41
2016,46220,"Tuscaloosa, AL",<1 to birmingham,239593,119045,0.28,0,7.6,188364,0.72,3.609929085,0.069382802,0,0,731183,6856,651,,0,438
2016,46340,"Tyler, TX",1.5 to dallas,225290,111595,0.25,0,0.5,185943,0.71,3.297971487,0.116238289,0,0,225071,0,0,,0,28
2016,46540,"Utica-Rome, NY",1 to syracuse,293803,149419,0.25,0,7.8,148567,0.78,2.682749987,0.088697746,0,0,143445,0,8,,0,15
2016,46660,"Valdosta, GA",1.5 to albany,144504,69799,0.23,0,0.9,164921,0.82,2.927254677,0.031520654,0,0,3255865,0,117556,,0,3
2016,46700,"Vallejo-Fairfield, CA",,440207,236297,0.25,0,0.1,406330,0.55,4.792063713,0.209984541,0,0,7612109,122300,6684,,0,12
2016,47020,"Victoria, TX",,100227,49543,0.19,0,0.0,175193,0.75,4.220419884,0.048250239,0,0,83278,0,0,,0,0
2016,47220,"Vineland-Bridgeton, NJ",,153797,81988,0.14,0,0.0,262752,0.67,5.240674496,0.023420611,0,0,47821,0,250,,0,0
2016,47260,"Virginia Beach-Norfolk-Newport News, VA-NC",,1725937,908759,0.31,0,44.6,280624,0.67,3.082015038,0.124770962,1,0,69537608,120316,48849,,5,375
2016,47300,"Visalia-Porterville, CA",1.25 to bakersfield,460437,219344,0.14,0,0.0,220356,0.72,4.133029938,0.053584624,0,0,399649,32167,9,,0,0
2016,47380,"Waco, TX",,264869,123877,0.21,0,9.9,165333,0.80,3.752798557,0.084288649,0,0,1233015,184227,970,,1,90
2016,47460,"Walla Walla, WA",,64210,31802,0.30,0,12.3,227722,0.83,,0.175237358,0,0,,,,,0,36
2016,47580,"Warner Robins, GA",0.5 to macon,189753,100601,0.27,0,1.2,152740,0.73,3.288485527,0.038943131,0,0,13693744,0,6784,,0,100
2016,47900,"Washington-Arlington-Alexandria, DC-VA-MD-WV",,6133552,3417219,0.50,21,139.2,494561,0.43,3.117662668,0.380777657,1,1,198812512,2049048.375,93851,,47,396
2016,47940,"Waterloo-Cedar Falls, IA",1 to cedar rapids,170015,80522,0.28,0,8.1,164239,0.89,4.818062305,0.325971067,0,0,11096,0,0,,0,30
2016,48060,"Watertown-Fort Drum, NY",1.25 to syracuse,114006,57127,0.21,0,0.0,166272,0.85,,0.08302813,0,0,,,,,0,0
2016,48140,"Wausau, WI",,135603,70313,0.25,0,0.0,173027,0.82,0.972408712,0.129932046,0,0,26751,0,0,,0,0
2016,48260,"Weirton-Steubenville, WV-OH",< 1 hour to pittsburgh,120861,61670,0.18,0,0.9,117476,0.66,,0.023878105,0,0,,,,,0,85
2016,48300,"Wenatchee, WA",nothing,117665,57552,0.23,0,0.0,270607,0.83,1.147325039,0.099754721,0,0,200277,10346,85,,0,0
2016,48540,"Wheeling, WV-OH",,142982,74609,0.20,0,1.5,130309,0.73,2.802836418,0.026934257,0,0,233150,0,96,,0,145
2016,48620,"Wichita, KS",far from everything,645447,327105,0.31,0,3.2,160579,0.81,5.238512039,0.270859897,0,0,3939299,0,2780,,0,188
2016,48660,"Wichita Falls, TX",2 from forth worth,150734,74438,0.23,0,1.3,134865,0.90,3.370175362,0.057908967,0,0,7297789,0,4606,,0,5
2016,48700,"Williamsport, PA",1.25 to wilkes-barre,115248,59272,0.21,0,1.8,166425,0.80,2.212619781,0.106219679,0,0,249602,0,4520,,0,1
2016,48900,"Wilmington, NC",mothing,282573,146453,0.37,0,7.0,267951,0.77,3.896338224,0.271011531,0,0,447016,3000,10560,,0,156
2016,49020,"Winchester, VA-WV",too close to DC,138878,72001,0.27,0,0.2,232802,0.66,1.720934868,0.198592573,0,0,756778,22930,296,,0,0
2016,49180,"Winston-Salem, NC",,662079,343028,0.26,1,16.7,186393,0.71,3.965058327,0.25566721,0,0,504337,0,0,,5,699
2016,49340,"Worcester, MA-CT",,935781,502057,0.34,2,33.0,291437,0.58,3.837658405,0.792188525,0,0,654788,0,19318,,4,567
2016,49420,"Yakima, WA",1.25 to kennewick,249636,117241,0.16,0,0.0,195092,0.81,2.431540251,0.039906535,0,0,345295,33831,23,,0,0
2016,49620,"York-Hanover, PA",0.75 to lancaster,443744,234010,0.24,0,2.0,193319,0.63,2.037210703,0.321280837,0,0,40598,0,1,,0,0
2016,49660,"Youngstown-Warren-Boardman, OH-PA",1.25 to cleveland,544746,276704,0.22,0,10.2,126836,0.77,2.420282125,0.127489507,0,0,4443206,0,21740,,0,16
2016,49700,"Yuba City, CA",,171926,86218,0.17,0,0.0,303644,0.62,3.559670925,0.04408649,0,0,5468114,0,25677,,0,0
2016,49740,"Yuma, AZ",,205631,91739,0.15,0,0.0,150109,0.79,3.671625376,0.064748198,0,0,5520907,0,682765,,0,0