,MSA,Total Population,population,collegegrad,sciencegrad,scienceugrad,houseprice,commute,violentcrime,patents,Kauffman,Site selection,Total Sq Feet,Underused Sq Feet,acres land,Top 50 Grad programs,govt at univ R&D per capita,Longitude,Latitude
2,"Abilene, TX",170860,83623,0.2,0,2.5,135839,0.83,3.962308407,0.026220039,0,0,3450883,0,3770,0,7,-99.665323,32.576489
3,"Akron, OH",702221,365524,0.31,0,13,172709,0.7,2.666474819,0.619975984,0,1,1376132,43992,111,4,241,-81.524017,41.04349
4,"Albany, GA",152506,77076,0.19,0,0.5,135943,0.77,6.345105648,0.050919496,0,0,7117736,2568,3570,0,36,-84.176751,31.560674
5,"Albany, OR",122849,62800,0.22,0,0,218227,0.75,,0.359711587,0,0,NA,,,0,0,-123.139526,44.65345
6,"Albany-Schenectady-Troy, NY",881839,460119,0.37,4,48.3,237213,0.68,2.734059095,1.103995085,0,0,6079857,386733,4643,15,1091,-73.69179,42.72841
7,"Albuquerque, NM",913924,482135,0.32,0,14.2,237665,0.69,7.233643055,0.381848633,0,0,17344434,205014,38109,8,518,-106.651137,35.084491
8,"Alexandria, LA",154789,79856,0.19,0,1.1,159123,0.75,8.004445076,0.028070809,0,0,261417,0,2455,0,0,-92.44514,31.31129
9,"Allentown-Bethlehem-Easton, PA-NJ",835652,437495,0.28,0,31.5,229476,0.63,1.833299041,0.535722315,0,0,127956,187.5,0,4,173,-75.458171,40.626343
10,"Altoona, PA",124650,63930,0.18,0,0.3,136047,0.79,2.374649048,0.068777174,0,0,351410,0,28,0,0,-78.349874,40.489433
11,"Amarillo, TX",263491,134612,0.24,0,1.5,160277,0.84,5.590323925,0.095253162,0,0,1774284,25457,20667,0,42,-101.831297,35.221997
12,"Ames, IA",97090,40522,0.55,5,44.6,194350,0.84,1.132969379,1.204567671,0,0,699244,3050,374,23,4906,-93.600254,42.037879
13,"Ann Arbor, MI",364709,179858,0.55,28,138.6,288524,0.68,2.815943718,2.502851486,0,0,1499623,0,55,48,6645,-83.849042,42.266638
14,"Anniston-Oxford-Jacksonville, AL",114611,59256,0.17,0,0.7,147980,0.67,6.273394585,0.077948183,0,0,11224533,273591,46375,0,9,-85.785722,33.753157
15,"Appleton, WI",234079,126226,0.28,0,8.1,184752,0.8,1.367059827,0.485366225,0,0,16166,0,0,0,4,-88.370856,44.275702
16,"Asheville, NC",452319,237213,0.33,0,5.5,237545,0.75,1.989746213,0.17945008,0,0,1351801,4130,110,0,14,-82.567281,35.602711
17,"Athens-Clarke County, GA",206360,97394,0.37,12,39.1,221846,0.75,2.883310795,0.293103248,0,0,231979,14539,185,23,3614,-83.37794,33.96095
18,"Atlanta-Sandy Springs-Roswell, GA",5790210,3138837,0.38,16,110.5,256465,0.49,3.936778545,0.396376491,1,1,16331676,5088,642,32,478,-84.495858,33.796385
19,"Atlantic City-Hammonton, NJ",270991,140853,0.28,0,3.4,255090,0.72,3.922639608,0.052131005,0,0,786352,7326,10026,0,3,-74.47876,39.375851
20,"Auburn-Opelika, AL",158991,77420,0.36,0,11.3,193955,0.67,2.441288233,0.245974541,0,0,94736,10215,46,7,2366,-85.37828,32.64541
21,"Augusta-Richmond County, GA-SC",595147,311473,0.25,0,2.6,189178,0.67,2.814430714,0.11566136,0,0,11970862,135079,55776,0,301,-81.97484,33.47097
22,"Austin-Round Rock, TX",2056405,1154832,0.43,21,103.9,336373,0.59,2.736328602,1.500570893,1,0,3692937,0,7199,37,1344,-97.6789,30.50826
23,"Bakersfield, CA",884788,441292,0.16,0,2.2,235983,0.75,5.046406746,0.111407891,0,0,5397865,18326,88217,0,8,-119.020562,35.384337
24,"Baltimore-Columbia-Towson, MD",2798886,1515495,0.39,19,103.9,345859,0.52,5.918133736,0.315720171,1,0,44079348,1567837,84452,38,1905,-76.637117,39.228758
25,"Bangor, ME",151806,80876,0.25,0,9.5,165141,0.74,0.777307868,0.142092615,0,0,856025,0,4143,0,1424,-68.850405,44.848517
26,"Barnstable Town, MA",214276,102364,0.43,0,0.3,474671,0.76,4.335529804,0.225040525,0,0,2685331,87598,18309,0,1762,-70.303537,41.704506
27,"Baton Rouge, LA",835175,433689,0.27,3,22.1,209586,0.64,5.066962242,0.109516859,0,1,562423,31620,535,13,1009,-91.185607,30.44924
28,"Battle Creek, MI",134386,67399,0.2,0,6.2,132504,0.8,5.499084949,0.224313915,0,0,1799159,156553,532,0,3,-85.13044,42.303041
29,"Bay City, MI",104747,55058,0.18,0,0,126378,0.72,2.892684221,0.226102829,0,0,59879,0,0,0,15,-83.953007,43.608773
30,"Beaumont-Port Arthur, TX",409901,212886,0.17,0,1.3,135086,0.72,4.915821075,0.066683941,0,0,428032,21051,1240,0,31,-95.376933,29.757078
31,"Beckley, WV",120924,62921,0.18,0,0.5,133120,0.66,,0.074091166,0,0,NA,,,0,0,-81.18816,37.77817
32,"Bellingham, WA",216800,106846,0.33,0,11.6,349596,0.75,1.81273067,0.312557429,0,0,101796,5685,62,0,98,-122.48822,48.75955
33,"Bend-Redmond, OR",181307,96144,0.33,0,0,387573,0.8,1.69326055,0.401572645,0,0,126143,0,76,0,0,-121.17392,44.27262
34,"Billings, MT",169736,88190,0.32,0,0.9,238648,0.88,3.22265172,0.058018249,0,0,112485,0,15,0,6,-108.387392,45.686966
35,"Binghamton, NY",244094,120079,0.29,0,17.3,137577,0.81,2.628085852,0.517841458,0,0,102624,0,4,3,570,-75.91797,42.09869
36,"Birmingham-Hoover, AL",1147417,606349,0.3,2,12.5,200532,0.61,5.408571243,0.091721557,0,0,2726514,0,159,8,938,-86.764855,33.572334
37,"Bismarck, ND",131547,69421,0.3,0,0.4,256499,0.83,2.272951841,0.042891361,0,0,678445,10003,2266,0,3,-100.700296,46.816035
38,"Blacksburg-Christiansburg-Radford, VA",183411,85589,0.35,11,62.6,214841,0.76,1.907657385,0.648949087,0,0,3640052,0,6812,21,5,-80.57645,37.13179
39,"Bloomington, IL",187326,93002,0.42,0,16.3,181663,0.82,,0.238394484,0,0,NA,,,0,63,-88.992995,40.476771
40,"Bloomington, IN",166336,76362,0.39,10,43.5,187254,0.81,2.469809294,0.87355423,0,0,7445,0,0,23,6037,-86.435094,39.07881
41,"Bloomsburg-Berwick, PA",84763,41352,0.24,0,2.5,173900,0.74,,0.09806376,0,0,NA,,,0,6,-76.430563,41.005609
42,"Boise City, ID",690214,355050,0.31,0,5.6,240739,0.73,2.212357283,1.798830271,0,0,4750517,0,1038,0,1,-116.354524,43.64003
43,"Boston-Cambridge-Newton, MA-NH",4794447,2614584,0.47,70,474,497024,0.5,3.220435619,1.234612346,1,0,16951470,268100.5625,3700,107,1011,-71.20922,42.33704
44,"Boulder, CO",322226,167704,0.61,12,48.3,577208,0.72,1.917908549,2.900005102,0,0,833391,2592,2001,19,4538,-105.201421,40.049468
45,"Bowling Green, KY",174560,85572,0.26,0,5.9,179739,0.73,1.71860683,0.116510935,0,1,184921,22094,0,0,365,-86.451752,37.017407
46,"Bremerton-Silverdale, WA",264811,138981,0.32,0,0,342382,0.61,2.57542181,0.438639879,0,0,14506894,0,19353,0,0,-122.67038,47.562247
47,"Bridgeport-Stamford-Norwalk, CT",944177,499693,0.47,0,8.9,665378,0.61,2.414801359,0.788607061,0,0,1940080,0,363,0,0,-73.363661,41.308873
48,"Brownsville-Harlingen, TX",422135,190480,0.17,0,0.5,108073,0.75,2.593956947,0.029606612,0,0,616676,3140,546,0,0,-97.345479,25.979359
49,"Brunswick, GA",115737,58756,0.23,0,0,227998,0.7,4.086852074,0.064302571,0,0,1739272,552347,1643,0,0,-81.493973,31.180919
50,"Buffalo-Cheektowaga-Niagara Falls, NY",1132804,599076,0.32,2,25.3,171693,0.74,4.328727722,0.296772271,0,0,3155323,0,835,11,638,-76.496624,42.452813
51,"Burlington, NC",159688,81877,0.22,0,2.3,177454,0.67,3.619558096,0.14663811,0,0,0,0,0,0,3,-79.49161,36.029833
52,"Burlington-South Burlington, VT",217411,114154,0.43,0,14.5,302699,0.7,0.975111663,2.165245056,0,0,1372173,0,11464,2,1112,-73.144093,44.50537
53,"California-Lexington Park, MD",112587,60292,0.26,0,6.5,319370,0.55,,0.082943588,0,0,NA,,,0,7,-76.536114,38.273182
54,"Canton-Massillon, OH",401281,204513,0.23,0,3.5,160217,0.73,2.79367137,0.472320974,0,0,91472,0,0,0,0,-81.52151,40.79672
55,"Cape Coral-Fort Myers, FL",722336,342658,0.28,0,0.5,288676,0.58,3.185498238,0.140098393,0,0,276884,1725,30,0,16,-81.978158,26.562749
56,"Cape Girardeau, MO-IL",94806,46730,0.27,0,2.4,174391,0.76,4.124211311,0.102589361,0,0,245688,0,0,0,1,-89.574605,37.335289
57,"Carbondale-Marion, IL",126430,63337,0.3,0,7.4,146276,0.76,,0.143605471,0,0,NA,,,1,2498,-89.209109,37.739004
58,"Carson City, NV",54742,27204,0.2,0,0,296575,0.78,2.922801495,0.738239169,0,0,5000,0,0,0,0,-119.73074,39.154485
59,"Casper, WY",81039,43035,0.24,0,0,277702,0.91,1.863300443,0.135300055,0,0,369049,0,111,0,0,-106.312561,42.859875
60,"Cedar Rapids, IA",267799,140050,0.33,0,8,201275,0.79,1.885742664,0.783928573,0,0,451155,0,4,0,2,-91.657578,41.976612
61,"Chambersburg-Waynesboro, PA",153851,77381,0.22,0,0.1,208401,0.69,,0.05827257,0,0,NA,,,0,0,-77.654082,39.929038
62,"Champaign-Urbana, IL",239872,111806,0.42,23,121.4,174567,0.83,4.298125744,0.942316651,0,0,164775,0,1,44,4589,-88.20727,40.11059
63,"Charleston, WV",219579,117115,0.23,0,0.5,155006,0.75,5.068006992,0.127787963,0,0,1065734,0,280,0,40,-81.630359,38.350719
64,"Charleston-North Charleston, SC",761155,414576,0.35,0,7.6,312559,0.6,3.677258492,0.159038052,0,1,5299003,30460,9299,0,733,-79.977282,32.776671
65,"Charlotte-Concord-Gastonia, NC-SC",2474314,1340349,0.34,0,22.1,251947,0.59,3.732384443,0.261365473,1,0,2542361,3000,330,2,30,-81.1873,35.26208
66,"Charlottesville, VA",229467,116995,0.45,4,63.9,332483,0.65,1.616790175,0.429778785,0,0,278108,1587,5,21,5993,-78.556765,38.087663
67,"Chattanooga, TN-GA",551200,292076,0.26,0,4.1,190005,0.68,5.869012833,0.10460443,0,0,1009844,289019,2928,0,1,-85.206426,35.017818
68,"Cheyenne, WY",98136,52412,0.27,0,0,242076,0.92,1.569250822,0.117652357,0,0,4733096,2250,6433,0,0,-104.936269,41.092356
69,"Chicago-Naperville-Elgin, IL-IN-WI",9512968,5123991,0.37,31,214.7,289070,0.48,3.672882557,0.439582676,1,1,31395470,459831,13557,58,343,-88.28119,42.03725
70,"Chico, CA",226864,106700,0.26,0,5.6,281193,0.75,2.988574743,0.139636844,0,0,56949,0,233,0,26,-121.840083,39.746159
71,"Cincinnati, OH-KY-IN",2161441,1134241,0.33,0,37.3,205151,0.65,2.585971117,0.523624539,1,1,5129487,85478,1138,7,408,-84.53822,39.166759
72,"Clarksville, TN-KY",282075,144112,0.23,0,1.6,171725,0.68,4.516529083,0.026373904,0,0,17004834,0,105428,0,5,-87.334932,36.522633
73,"Cleveland, TN",123861,64468,0.21,0,0.9,164888,0.7,4.779551506,0.086221106,0,0,11954,0,0,0,0,-84.874031,35.149223
74,"Cleveland-Elyria, OH",2055612,1076766,0.3,5,78.5,182174,0.64,3.320599079,0.463887006,1,0,5609452,163947,358,18,474,-81.596226,41.547929
75,"Coeur d'Alene, ID",154311,78089,0.26,0,0,278747,0.7,2.650491476,0.246765643,0,0,215690,0,238,0,0,-116.654109,47.691736
76,"College Station-Bryan, TX",254716,113895,0.35,13,61.9,216364,0.86,2.759936571,0.420909047,0,0,216417,2444,457,30,7022,-96.341465,30.623317
77,"Colorado Springs, CO",712327,371558,0.38,0,21.1,287820,0.73,3.699424505,0.391856104,0,0,28510046,7014,395132,0,203,-104.857828,38.861469
78,"Columbia, MO",176594,85292,0.44,3,26.3,203254,0.85,3.35232234,0.31986922,0,0,105264,11950,11,13,1959,-92.274145,38.894165
79,"Columbia, SC",816450,422911,0.33,0,13.4,181120,0.64,5.69583416,0.148925826,0,0,12717080,90182.07813,52185,9,578,-81.024864,33.987454
80,"Columbus, GA-AL",307816,158882,0.26,0,0.7,173270,0.76,4.560883999,0.052934702,0,0,67924544,0,179740,0,5,-84.97823,32.472864
81,"Columbus, IN",81402,41929,0.33,0,0,221572,0.81,1.081054568,0.82825464,0,0,17939,0,0,0,0,-85.891338,39.191447
82,"Columbus, OH",2041520,1108622,0.36,14,77.5,217984,0.67,2.829596043,0.348780632,1,1,5415669,0,1057,39,798,-83.013402,40.100924
83,"Corpus Christi, TX",452790,226845,0.21,0,2.4,156010,0.79,5.853486061,0.069015756,0,0,9171659,0,5901,0,76,-97.399067,27.797802
84,"Corvallis, OR",89385,40213,0.54,4,22.8,317705,0.83,1.241819143,2.450050592,0,0,376409,30880,507,16,5398,-123.275969,44.639931
85,"Crestview-Fort Walton Beach-Destin, FL",267059,140573,0.3,0,0,272466,0.65,3.800658226,0.090437166,0,0,16122088,0,330222,0,0,-86.56264,30.74964
86,"Cumberland, MD-WV",99541,49515,0.16,0,1.8,154385,0.7,2.646145821,0.069645643,0,0,2271397,0,1810,0,11,-78.690593,39.580691
87,"Dallas-Fort Worth-Arlington, TX",7232599,3870460,0.34,2,27.6,253429,0.55,3.189586401,0.484574586,1,1,14635821,0,3341,8,205,-97.10807,32.73569
88,"Dalton, GA",143904,71798,0.12,0,0,136480,0.71,2.119468451,0.060624681,0,0,8566,0,0,0,0,-84.989796,34.801861
89,"Danville, IL",78111,38451,0.14,0,0.1,97381,0.79,6.0170784,0.091489017,0,0,529221,49803,259,0,0,-87.636466,40.136234
90,"Daphne-Fairhope-Foley, AL",208563,106366,0.3,0,0,240358,0.56,,0.075886182,0,0,NA,,,0,0,-87.6836,30.40659
91,"Davenport-Moline-Rock Island, IA-IL",383352,196641,0.26,0,6.6,166486,0.8,3.505347729,0.280071646,0,0,7926688,0,1220,0,26,-90.563736,41.536251
92,"Dayton, OH",800683,409517,0.27,0,16.5,153185,0.75,2.738707304,0.377094537,0,1,18530646,202002,7774,2,557,-84.268593,39.750471
93,"Decatur, AL",152256,79433,0.18,0,0,137905,0.63,1.706551552,0.112874351,0,1,49146,0,0,0,0,-87.011052,34.608016
94,"Decatur, IL",106550,52765,0.22,0,1.4,125040,0.87,3.725950241,0.181350678,0,0,8966,0,0,0,0,-88.946486,39.839477
95,"Deltona-Daytona Beach-Ormond Beach, FL",637674,313975,0.24,0,2.6,203578,0.61,3.8248384,0.161826655,0,0,55457,2705,1,0,48,-89.542262,31.139508
96,"Denver-Aurora-Lakewood, CO",2853077,1606021,0.42,2,21.5,398716,0.57,3.203859568,0.444285154,1,0,15387157,54664.71094,11169,7,43,-105.08137,39.70471
97,"Des Moines-West Des Moines, IA",634725,337922,0.37,0,7,211457,0.79,3.09582901,0.561880827,0,1,2793410,3780,2480,0,5,-93.616791,41.590669
98,"Detroit-Warren-Dearborn, MI",4297617,2297435,0.3,0,13,197168,0.59,5.329926491,0.831779838,1,0,10226916,0,3652,3,145,-83.17631,42.32226
99,"Dothan, AL",147834,75854,0.18,0,0.1,158346,0.71,3.267856121,0.045887634,0,0,41039,0,0,0,0,-85.371845,31.148124
100,"Dover, DE",174827,87783,0.23,0,1.5,220572,0.64,4.148863316,0.082351856,0,0,3886949,0,3232,0,197,-75.49549,39.156376
101,"Dubuque, IA",97003,48511,0.29,0,4.1,192339,0.9,1.762832046,0.409580976,0,0,5678,0,0,0,0,-90.6963,42.545412
102,"Duluth, MN-WI",279227,141882,0.25,0,9.5,178028,0.77,2.238322258,0.123732172,0,0,893731,3305,1079,0,40,-92.001934,47.005566
103,"Durham-Chapel Hill, NC",559535,298782,0.47,30,128,266222,0.67,4.13700676,1.30733943,0,0,2330131,5586,401,62,3844,-79.05584,35.9132
104,"East Stroudsburg, PA",166098,86399,0.26,0,2.4,178574,0.5,,0.116078444,0,0,NA,,,0,1,-75.18129,40.99954
105,"Eau Claire, WI",166614,82218,0.26,0,7.5,192010,0.8,1.308413506,0.343392551,0,0,70120,0,0,0,18,-91.473097,44.75653
106,"El Centro, CA",180883,86288,0.14,0,0,188235,0.79,3.223078012,0.019527324,0,0,1520562,6542,14200,0,0,-115.598602,32.770275
107,"Elizabethtown-Fort Knox, KY",150447,79163,0.22,0,0,178989,0.69,1.415781021,0.056045163,0,0,14962,0,56,0,0,-85.857214,37.696304
108,"Elkhart-Goshen, IN",203781,101488,0.19,0,2.1,149539,0.79,3.533204794,0.307709485,0,0,1766,0,0,0,0,-85.901962,41.623463
109,"Elmira, NY",86322,44573,0.27,0,0.9,137898,0.79,1.911447883,1.124622941,0,0,22524,0,5,0,0,-76.71857,42.082585
110,"El Paso, TX",842114,412482,0.22,0,5.6,142978,0.7,3.632524729,0.051212586,0,0,26585094,0,358682,0,199,-106.484592,31.763608
111,"Enid, OK",62603,31071,0.22,0,0,134969,0.87,,0.037492905,0,0,NA,,,0,0,-97.843091,36.402681
112,"Erie, PA",276207,142947,0.28,0,8.6,163503,0.8,2.309861898,0.330098778,0,0,469645,0,20,0,9,-80.088919,42.121293
113,"Eugene, OR",369519,185066,0.29,0,22.3,261652,0.8,2.247885466,0.276688963,0,0,699244,13105,532,7,529,-123.080181,44.067988
114,"Evansville, IN-KY",315948,164439,0.25,0,4.5,161322,0.75,3.016319036,0.281217277,0,0,86800,1429,0,0,1,-87.574963,37.997128
115,"Fargo, ND-MN",238124,120606,0.39,0,13.5,230780,0.88,2.423107386,0.440714866,0,0,1283522,4246,418,1,1026,-96.834703,46.927094
116,"Farmington, NM",115079,58367,0.17,0,0,171184,0.66,5.822087288,0.098848812,0,0,1088968,86638,158280,0,0,-108.178691,36.740321
117,"Fayetteville, NC",380389,195699,0.24,0,1.1,160696,0.72,4.606081963,0.057493314,0,0,35906840,1326,177892,0,15,-79.017082,35.171548
118,"Fayetteville-Springdale-Rogers, AR-MO",527153,265130,0.31,0,11.2,205268,0.76,2.587484121,0.157551602,0,0,847538,0,104,0,491,-94.233876,36.042826
119,"Flagstaff, AZ",140908,65219,0.35,0,9.5,289066,0.83,3.392284393,0.471931815,0,0,6304717,69530,36460,0,421,-111.639303,35.287661
120,"Flint, MI",408615,211429,0.2,0,4.1,144033,0.66,6.608354568,0.349057704,0,0,233181,0,21,0,32,-83.780835,42.965926
121,"Florence, SC",205976,105381,0.21,0,0.4,134172,0.71,5.275379181,0.211265251,0,0,206707,2880,77,0,3,-79.82626,34.205933
122,"Florence-Muscle Shoals, AL",146534,74081,0.21,0,0.8,156166,0.65,3.426198244,0.079895705,0,1,365940,237245,17,0,0,-87.664825,34.809728
123,"Fond du Lac, WI",102144,53323,0.24,0,2.4,203276,0.75,1.997180462,0.34897241,0,0,6439,0,0,0,0,-88.436782,43.77366
124,"Fort Collins, CO",339993,171892,0.47,3,32.8,363307,0.74,1.794742823,1.358427525,0,0,1623390,2666,111,9,1955,-105.127416,40.594597
125,"Fort Smith, AR-OK",281227,144688,0.15,0,0.2,151454,0.74,4.288350582,0.066489458,0,0,2483954,0,65402,0,0,-94.416458,35.366188
126,"Fort Wayne, IN",431802,220100,0.27,0,2.5,144706,0.77,2.213977814,0.376808256,0,0,1918084,1067127,216,0,0,-85.12886,41.130604
127,"Fresno, CA",979915,482887,0.2,0,6.8,279980,0.75,4.640198231,0.090096556,0,0,2617250,7378,1291,0,24,-119.734947,36.862603
128,"Gadsden, AL",102564,52419,0.16,0,0,131728,0.69,5.056932449,0.05019689,0,0,62509,0,12,0,0,-86.006639,34.014264
129,"Gainesville, FL",281796,134473,0.38,7,88.6,201293,0.73,5.347840309,0.571493208,0,0,1615055,8964,175,30,5221,-82.324515,29.648993
130,"Gainesville, GA",196637,99258,0.22,0,0.1,227527,0.66,1.697544217,0.205085799,0,1,88732,0,0,0,0,-83.837912,34.334398
131,"Gettysburg, PA",102180,51478,0.22,0,6,228095,0.6,,0.148854822,0,0,NA,,,0,11,-77.226591,39.840922
132,"Glens Falls, NY",126367,67542,0.25,0,0,239409,0.66,1.171191812,0.181694642,0,0,10397,0,2,0,0,-73.64401,43.30952
133,"Goldsboro, NC",124150,63841,0.18,0,0.5,155880,0.77,3.664921522,0.04408348,0,0,3198549,3425,49881,0,0,-78.092871,35.368277
134,"Grand Forks, ND-MN",102743,48927,0.3,1,4.2,193200,0.86,2.114012718,0.284467727,0,0,3355833,0,5464,2,1406,-97.141144,47.866638
135,"Grand Island, NE",85584,42079,0.2,0,0,150467,0.82,,0.067266524,0,0,NA,,,0,0,-98.368698,40.87227
136,"Grand Junction, CO",150083,73722,0.25,0,0.8,254406,0.85,3.45376873,0.168706849,0,0,625881,3676,7229,0,11,-108.550649,39.063871
137,"Grand Rapids-Wyoming, MI",1047099,540324,0.32,0,29.4,197114,0.76,3.077009201,0.456723928,0,0,695450,0,10,0,24,-85.588037,42.99331
138,"Grants Pass, OR",85904,41593,0.2,0,0,279007,0.81,,0.175067261,0,0,NA,,,0,0,-123.338332,42.535654
139,"Great Falls, MT",81755,40577,0.23,0,0.4,187959,0.9,2.519723654,0.020430166,0,0,3848962,0,3042,0,0,-111.300808,47.500235
140,"Greeley, CO",294932,153712,0.27,0,3,295358,0.58,2.681184769,0.53538239,0,0,97637,1200,15990,0,17,-104.680631,40.384991
141,"Green Bay, WI",318236,168709,0.27,0,5.7,188417,0.78,1.989089847,0.137352049,0,0,81046,0,7,0,7,-88.016063,44.480778
142,"Greensboro-High Point, NC",756139,394669,0.28,0,14.3,179018,0.73,3.16525507,0.2629278,0,1,501177,23926,0,2,138,-79.748189,36.079657
143,"Greenville, NC",177220,85601,0.32,0,4.2,158175,0.78,4.062747002,0.148516834,0,0,83985,0,0,0,305,-77.392609,35.580444
144,"Greenville-Anderson-Mauldin, SC",884975,455763,0.29,2,30.5,198065,0.69,5.235422611,0.70077306,0,1,205651,0,2,7,431,-82.473846,34.951295
145,"Gulfport-Biloxi-Pascagoula, MS",391266,203053,0.22,0,0,172309,0.7,1.94752419,0.066486157,0,0,16233467,402210,26907,0,0,-88.761137,30.391866
146,"Hagerstown-Martinsburg, MD-WV",263817,143162,0.2,0,0,212180,0.6,2.469687223,0.070797808,0,0,2162373,10096,516,0,1,-77.241647,39.630388
147,"Hammond, LA",130710,65833,0.2,0,1.2,189827,0.54,,0.064603657,0,0,NA,,,0,35,-90.455381,30.533587
148,"Hanford-Corcoran, CA",149785,77706,0.12,0,0,219179,0.72,4.646660328,0.033545148,0,0,3860991,0,18833,0,0,-119.64594,36.313347
149,"Harrisburg-Carlisle, PA",568033,301411,0.33,0,14.5,210512,0.72,2.353736401,0.402664304,0,0,22150858,0,2754,0,7,-76.829482,40.253789
150,"Harrisonburg, VA",132822,60205,0.29,0,16.8,237946,0.79,1.377783775,0.070984468,0,0,197498,0,0,0,113,-78.877137,38.422777
151,"Hartford-West Hartford-East Hartford, CT",1206836,634410,0.38,3,61.5,280769,0.67,2.151079416,0.66865474,0,0,1649861,30579,307,17,408,-72.686032,41.769289
152,"Hattiesburg, MS",148803,75006,0.29,0,4.1,165419,0.73,0.806435347,0.073646516,0,0,263493,0,8518,4,711,-89.28071,31.245138
153,"Hickory-Lenoir-Morganton, NC",364187,190958,0.17,0,1.3,162081,0.72,1.924835324,0.286621869,0,0,14006,0,0,0,0,-81.68482,35.74541
154,"Hilton Head Island-Bluffton-Beaufort, SC",211614,97570,0.38,0,0,411028,0.65,,0.103020415,0,0,NA,,,0,0,-80.707532,32.208624
155,"Hinesville, GA",82687,40443,0.16,0,0,178041,0.73,3.465049505,0.022005294,0,0,14999880,0,284528,0,0,-81.437074,31.806832
156,"Homosassa Springs, FL",143621,64796,0.2,0,0,167638,0.62,,0.073168188,0,0,NA,,,0,0,-82.574264,28.804911
157,"Hot Springs, AR",97477,47939,0.18,0,0,167930,0.77,3.980426073,0.095744416,0,0,168469,23022,2,0,0,-101.839602,35.20603
158,"Houma-Thibodaux, LA",211525,110655,0.16,0,0.8,170695,0.7,2.411062479,0.156601712,0,0,109795,2445,411,0,23,-90.82287,29.79576
159,"Houston-The Woodlands-Sugar Land, TX",6772470,3619622,0.32,8,60.5,253481,0.51,5.409252644,0.545435429,1,1,8119380,91628,1916,24,393,-97.397205,30.406454
160,"Huntington-Ashland, WV-KY-OH",359588,183745,0.2,0,2.7,177125,0.69,2.211584806,0.078453436,0,0,1626933,8498,397,0,167,-82.435487,38.410222
161,"Huntsville, AL",449720,242860,0.37,0,6.5,217050,0.71,4.675434589,0.622597158,0,0,15883976,22233,31252,1,373,-86.556439,34.718428
162,"Idaho Falls, ID",143776,67997,0.31,0,0,192225,0.8,1.488426447,0.509046257,0,0,227544,1600,1709,0,0,-111.877936,43.54241
163,"Indianapolis-Carmel-Anderson, IN",2001737,1065974,0.34,0,18.9,196579,0.65,6.110293388,0.419177145,1,1,7477605,0,34424,4,1,-86.164591,39.771461
164,"Iowa City, IA",168828,82079,0.49,3,33.4,231283,0.8,2.517354965,0.54621911,0,0,727317,0,15,23,4632,-91.49905,41.634209
165,"Ithaca, NY",104871,47187,0.52,22,177.5,221567,0.85,1.220547199,1.643669009,0,0,69736,0,2,44,14657,-76.483999,42.402794
166,"Jackson, MI",158460,83342,0.22,0,0.5,171789,0.7,4.148681164,0.221972302,0,0,3914,0,0,0,3,-84.40135,42.24587
167,"Jackson, MS",580178,302955,0.3,0,5.9,183024,0.66,3.446473598,0.05920174,0,0,2757469,3711,1425,0,189,-90.18481,32.29876
168,"Jackson, TN",129527,64601,0.19,0,1.1,147153,0.79,7.681796074,0.080117404,0,0,178393,3800,0,0,0,-88.81395,35.61452
169,"Jacksonville, FL",1478212,795465,0.31,0,3.3,244408,0.59,5.064226151,0.152755275,1,0,15809722,0,13749,0,11,-81.65565,30.33218
170,"Jacksonville, NC",187136,83421,0.19,0,0,176046,0.76,1.063397765,0.018257298,0,0,28115640,1647,126771,0,0,-77.43024,34.75405
171,"Janesville-Beloit, WI",161620,83760,0.22,0,6.1,165506,0.71,2.307882786,0.424464762,0,0,3806,0,0,0,6,-89.20852,42.672032
172,"Jefferson City, MO",148915,78292,0.27,0,1.1,171311,0.74,2.410771132,0.01396964,0,0,860059,2034,52,0,116,-92.165194,38.494029
173,"Johnson City, TN",200449,102176,0.26,0,3.2,175632,0.72,2.903481722,0.144412458,0,0,897046,0,188,0,107,-82.317625,36.330485
174,"Johnstown, PA",134732,67040,0.22,0,2.3,115046,0.71,1.796158314,0.055844333,0,0,82398,0,135,0,47,-77.052749,40.940082
175,"Jonesboro, AR",129858,65251,0.21,0,1.7,146593,0.85,3.935067654,0.123579971,0,0,5424,0,0,0,208,-90.623071,35.835847
176,"Joplin, MO",177805,89213,0.2,0,0.7,150143,0.84,3.247173309,0.197409004,0,1,201257,6503,4368,0,0,-94.502663,37.113343
177,"Kalamazoo-Portage, MI",336877,164558,0.34,1,16.6,178623,0.77,4.523906231,0.360708237,0,0,784804,0,7778,2,100,-85.58,42.20115
178,"Kankakee, IL",110008,55221,0.19,0,0.8,160950,0.7,2.936150074,0.206752136,0,0,24562,0,0,0,0,-87.874618,41.111151
179,"Kansas City, MO-KS",2104115,1117866,0.37,1,6.9,217714,0.68,4.747363091,0.426915675,1,0,21021482,1841434.25,7197,2,27,-94.598583,39.102404
180,"Kennewick-Richland, WA",283846,141204,0.26,0,0,223893,0.77,2.008131266,0.390049756,0,0,4274665,864764,375247,0,0,-119.28446,46.28569
181,"Killeen-Temple, TX",435887,220347,0.21,0,0.5,157998,0.78,3.356374502,0.056042332,0,0,25916308,4474,214309,0,0,-97.34278,31.09823
182,"Kingsport-Bristol-Bristol, TN-VA",307723,160228,0.19,0,2.1,163641,0.7,3.24317646,0.296473473,0,0,2491520,0,6049,0,0,-82.457195,36.44223
183,"Kingston, NY",179225,96075,0.33,0,1.5,253930,0.61,1.852420092,0.62777549,0,0,7820,0,0,0,2,-74.06678,41.96973
184,"Knoxville, TN",869076,448270,0.29,2,24,210762,0.69,3.695879221,0.349138677,0,0,9060753,1360330,36032,10,771,-83.92074,35.96064
185,"Kokomo, IN",82568,41492,0.21,0,0.4,127785,0.84,2.228466272,0.34753263,0,0,3278,0,0,0,0,-86.171054,40.506851
186,"La Crosse-Onalaska, WI-MN",136936,66750,0.35,0,7.5,188013,0.82,1.153823733,0.224603325,0,0,71915,0,73,0,48,-91.23514,43.88441
187,"Lafayette, LA",491528,256942,0.23,2,2.6,188952,0.69,4.124873638,0.241826937,0,0,513604,0,64,2,282,-91.991044,30.24171
188,"Lafayette-West Lafayette, IN",217439,97816,0.34,18,70.1,176784,0.8,,0.917461038,0,0,NA,,,27,5044,-86.884913,40.393226
189,"Lake Charles, LA",207432,108095,0.2,0,0.8,175198,0.79,5.537849903,0.064885817,0,0,153576,0,698,0,11,-93.214903,30.233355
190,"Lake Havasu City-Kingman, AZ",205249,96331,0.11,0,0,171494,0.77,1.973213077,0.043550577,0,0,130144,0,17633,0,0,-114.347971,34.50974
191,"Lakeland-Winter Haven, FL",666149,327597,0.2,0,0.9,159879,0.65,3.314573765,0.086710751,0,0,81416,32076,2,0,0,-81.937885,28.106935
192,"Lancaster, PA",538500,269075,0.25,0,18.1,239890,0.69,1.626740932,0.358142048,0,0,13998,1000,6,0,16,-76.31068,40.076553
193,"Lansing-East Lansing, MI",475099,234429,0.34,12,60.5,165110,0.78,4.077868938,0.228951931,0,0,341352,0,50,33,1830,-84.56566,42.748301
194,"Laredo, TX",271193,123714,0.17,0,0.1,136530,0.75,3.96765399,0.007183413,0,0,607558,0,251,0,14,-99.494078,27.515879
195,"Las Cruces, NM",214207,97694,0.26,0,9.2,165744,0.78,2.852380991,0.100093864,0,0,7617671,4405,2736244,2,1682,-106.753893,32.290052
196,"Las Vegas-Henderson-Paradise, NV",2155664,1160759,0.23,0,4,273403,0.65,7.121239662,0.194645956,1,0,11425077,16018,11935,0,44,-115.14666,36.09719
197,"Lawrence, KS",119440,55807,0.52,1,25.5,231876,0.73,2.160460949,0.439954519,0,0,390637,0,320,7,3999,-95.208909,39.023294
198,"Lawton, OK",127762,64273,0.2,0,0.5,170982,0.87,7.232197285,0.068574823,0,0,14528125,0,42854,0,0,-98.290973,34.557945
199,"Lebanon, PA",138863,68504,0.21,0,2.8,188409,0.68,1.505080581,0.224045187,0,0,4716006,14331,17615,0,0,-76.397634,40.331594
200,"Lewiston, ID-WA",62675,31211,0.2,0,0.5,202326,0.89,1.85081768,0.073320605,0,0,39567,0,14,0,0,-116.860852,46.3646
201,"Lewiston-Auburn, ME",107319,56871,0.22,0,10.5,179940,0.66,1.416338205,0.054922994,0,1,7220,0,0,0,28,-70.290494,44.050157
202,"Lexington-Fayette, KY",506751,265644,0.37,7,31.6,229747,0.73,2.569309235,0.436401069,0,0,1235354,0,1332,15,1525,-84.45855,38.0498
203,"Lima, OH",103742,51244,0.17,0,0.5,130020,0.82,3.944972992,0.055850368,0,0,1651419,0,369,0,6,-84.126166,40.672435
204,"Lincoln, NE",326591,159037,0.4,4,28.1,207597,0.82,2.921084881,0.341816604,0,1,1546638,3449,330,12,2150,-96.823133,40.865142
205,"Little Rock-North Little Rock-Conway, AR",734381,382489,0.31,0,6.3,193906,0.7,6.941122532,0.097703055,0,0,8829191,85839.39844,50085,0,391,-92.235641,34.708985
206,"Logan, UT-ID",135439,56214,0.37,2,14,233751,0.85,0.524221241,0.722033918,0,0,138459,0,334,2,2653,-111.836493,41.717722
207,"Longview, TX",217446,109999,0.2,0,0.8,156984,0.7,3.830836058,0.143687621,0,0,15393,0,0,0,10,-94.730285,32.517846
208,"Longview, WA",105160,53129,0.17,0,0,224124,0.7,2.424876451,0.091727078,0,0,63909,7091,1655,0,0,-123.057597,46.181872
209,"Los Angeles-Long Beach-Anaheim, CA",13310447,7285954,0.34,62,378.4,727823,0.51,,0.538683236,1,1,NA,,,112,381,-118.24334,34.050272
210,"Louisville/Jefferson County, KY-IN",1283297,687924,0.28,1,6.7,203597,0.66,3.895095587,0.204045281,0,0,17200762,0,128407,2,17,-84.847023,37.792809
211,"Lubbock, TX",313910,147143,0.3,0,9.9,168381,0.88,7.175092697,0.116574265,0,0,356262,0,98,1,1057,-101.85517,33.57786
212,"Lynchburg, VA",261167,125505,0.27,0,4.2,197672,0.7,2.311561346,0.191106051,0,0,190925,2913,352,0,1,-79.141653,37.359607
213,"Macon-Bibb County, GA",226998,117019,0.24,0,3.6,152741,0.71,4.041062355,0.083875455,0,0,313196,0,1164,0,317,-83.6324,32.84069
214,"Madera, CA",154697,75545,0.12,0,0,281582,0.64,5.740253448,0.067023136,0,0,114911,7111,0,0,0,-120.182423,36.928286
215,"Madison, WI",648929,341433,0.47,28,136.4,281753,0.74,1.98429513,0.807014883,0,0,2541960,12773,463,57,2875,-89.423861,43.06956
216,"Manchester-Nashua, NH",407761,225510,0.37,0,2,289235,0.64,2.624086142,1.038963675,0,0,474729,7976,30,0,0,-71.463026,42.990195
217,"Manhattan, KS",97004,42412,0.43,4,20.3,217102,0.87,2.422580481,0.265599251,0,0,12712090,0,78138,9,3524,-96.564589,39.209375
218,"Mankato-North Mankato, MN",100016,46096,0.32,0,13.2,200050,0.86,1.7797153,0.446116507,0,0,14024,0,0,0,56,-93.978863,44.128325
219,"Mansfield, OH",121107,62726,0.18,0,0,124393,0.78,2.115975142,0.082341798,0,0,445820,0,287,0,3,-82.509404,40.791707
220,"McAllen-Edinburg-Mission, TX",849843,379606,0.18,0,2.9,109240,0.78,3.224830866,0.020528821,0,0,604598,0,1398,0,48,-96.470277,32.840522
221,"Medford, OR",216527,108936,0.27,0,1.7,292642,0.82,3.113195658,0.221179783,0,0,440281,27960,471,0,10,-122.900832,42.265974
222,"Memphis, TN-MS-AR",1346437,704503,0.27,0,7.5,177757,0.65,10.31954956,0.249590963,0,0,7137691,0,2771,1,73,-89.990415,35.169255
223,"Merced, CA",268672,129063,0.14,0,0,274637,0.69,5.52718544,0.035298914,0,0,156382,0,664,0,225,-120.42415,37.345785
224,"Miami-Fort Lauderdale-West Palm Beach, FL",6066387,3252195,0.31,2,28.1,355263,0.52,5.089025974,0.25196448,1,0,8829952,30106.30078,2796,13,168,-80.127899,26.896587
225,"Michigan City-La Porte, IN",110015,58409,0.18,0,0.2,161494,0.69,1.466683149,0.093939759,0,0,4005,0,0,0,0,-86.88454,41.712381
226,"Midland, MI",83462,44042,0.34,0,0,165076,0.73,,1.679219246,0,0,NA,,,0,0,-84.33803,43.626132
227,"Midland, TX",168323,87036,0.26,0,0,226687,0.84,3.101180553,0.228259623,0,1,188068,0,0,0,0,-102.081464,31.992384
228,"Milwaukee-Waukesha-West Allis, WI",1572482,832401,0.35,2,24.6,240473,0.7,6.347290516,0.475675911,1,0,3235609,188548,322,2,348,-88.024599,44.48035
229,"Minneapolis-St. Paul-Bloomington, MN-WI",3551036,1931380,0.41,18,117,280403,0.63,2.569817066,1.091555357,1,0,6744862,1808,1976,40,453,-93.226891,44.961742
230,"Missoula, MT",116130,61209,0.41,1,7.6,306430,0.84,2.660811186,0.105463818,0,0,975671,7366,12218,1,1060,-114.014338,46.856398
231,"Mobile, AL",414836,214918,0.24,0,3.1,156789,0.64,5.112513065,0.080910884,0,0,599277,0,4,0,186,-88.103184,30.701142
232,"Modesto, CA",541560,273353,0.16,0,1.2,306806,0.64,5.218258381,0.105025843,0,0,34454,0,2,0,2,-121.016796,37.669463
233,"Monroe, LA",179470,89993,0.21,0,1.5,175838,0.76,12.15295506,0.055477988,0,0,96535,0,0,0,46,-92.094583,32.502833
234,"Monroe, MI",149208,79046,0.19,0,0,170553,0.62,2.200101376,0.327735871,0,0,57503,0,303,0,0,-83.472457,41.907196
235,"Montgomery, AL",376163,198558,0.28,0,3.2,179001,0.71,3.870396614,0.051427297,0,0,8155653,0,3301,0,88,-86.257817,32.356988
236,"Morgantown, WV",138380,70508,0.33,0,9.8,189351,0.71,2.102905035,0.243630305,0,0,310937,8295,3459,0,2479,-79.983141,39.609911
237,"Morristown, TN",117320,60307,0.17,0,0.8,160715,0.71,3.784520864,0.084126003,0,0,13316,0,3,0,0,-83.261343,36.188826
238,"Mount Vernon-Anacortes, WA",123681,61825,0.24,0,0,319191,0.65,1.997073174,0.085605271,0,0,216784,16511,92,0,0,-122.338803,48.419677
239,"Muncie, IN",115603,51593,0.23,0,6.2,113227,0.76,2.854597092,0.112154506,0,0,13055,0,0,0,140,-85.389874,40.142124
240,"Muskegon, MI",173408,90007,0.17,0,0.1,137213,0.76,4.371193886,0.107930459,0,0,14440,0,1,0,0,-86.254186,43.237691
241,"Myrtle Beach-Conway-North Myrtle Beach, SC-NC",449295,227352,0.24,0,1.6,218541,0.75,3.890742064,0.075713553,0,0,117665,1275,7,0,12,-78.748254,33.789758
242,"Napa, CA",142166,73365,0.35,0,0.6,759725,0.67,3.756172419,0.273465514,0,0,20992,0,3,0,0,-122.23832,38.442011
243,"Naples-Immokalee-Marco Island, FL",365136,162752,0.34,0,0.1,537884,0.66,2.464834929,0.305886835,0,0,125612,8368,0,0,0,-80.134984,25.939519
244,"Nashville-Davidson--Murfreesboro--Franklin, TN",1865535,1013187,0.34,3,35.5,275377,0.57,5.803697109,0.158466026,1,0,3260762,589,506,15,650,-86.777305,36.166001
245,"New Bern, NC",124635,59188,0.24,0,0,193158,0.73,,0.150685325,0,0,NA,,,0,0,-76.977181,35.125849
246,"New Haven-Milford, CT",856875,453748,0.35,22,79.5,281353,0.67,3.140481472,0.636836529,0,0,1394369,0,67,31,1412,-73.0565,41.22232
247,"New Orleans-Metairie, LA",1268883,693754,0.29,2,29.6,242642,0.63,5.147834778,0.107507654,0,0,9170757,899251,5709,4,349,-90.06557,29.975154
248,"New York-Newark-Jersey City, NY-NJ-PA",20153634,10976570,0.39,49,297.9,554767,0.42,3.699289799,0.447741985,1,1,43956700,2194737,28006,106,350,-79.40196,42.15649
249,"Niles-Benton Harbor, MI",154010,78626,0.28,0,1.7,194327,0.8,3.931562901,0.782826126,0,0,10524,4320,0,0,8,-86.45419,42.11671
250,"North Port-Sarasota-Bradenton, FL",788457,361375,0.31,0,8.5,295277,0.65,3.803631544,0.336659253,0,0,84361,0,0,0,4,-82.175602,27.074755
251,"Norwich-New London, CT",269801,142293,0.32,0,8.2,273560,0.71,1.604886532,0.448201418,0,0,3592309,0,1366,0,15,-72.07591,41.52426
252,"Ocala, FL",349020,160477,0.18,0,0,181778,0.7,4.062804222,0.140258878,0,0,102783,0,0,0,0,-82.087425,29.198907
253,"Ocean City, NJ",94430,46229,0.32,0,0,391241,0.78,2.425076723,0.050985027,0,0,14592,0,4,0,0,-74.604409,39.24853
254,"Odessa, TX",157462,78217,0.15,0,0.1,156662,0.76,8.897384644,0.108073369,0,0,2580,0,0,0,16,-102.354346,31.765163
255,"Ogden-Clearfield, UT",656061,320874,0.3,0,2.4,267428,0.71,1.53164804,0.366434067,0,0,15115065,0,29032,0,3,-112.02605,41.11078
256,"Oklahoma City, OK",1373211,711902,0.3,0,18.5,191735,0.71,4.535667419,0.139511958,0,0,23855920,27205,8919,4,358,-97.562817,35.491608
257,"Olympia-Tumwater, WA",275222,149203,0.35,0,8,289642,0.68,2.201858759,0.190971106,0,0,158050,0,34,0,7,-122.90931,47.00732
258,"Omaha-Council Bluffs, NE-IA",924495,483640,0.35,0,8.3,201646,0.78,3.563583612,0.170609251,0,1,8320861,628,5228,0,61,-99.75067,41.50028
259,"Orlando-Kissimmee-Sanford, FL",2441257,1313084,0.31,2,13.4,244720,0.54,5.026918411,0.25256291,1,0,3294486,0,717,4,105,-81.440767,28.578275
260,"Oshkosh-Neenah, WI",169886,87801,0.28,0,3.2,178779,0.83,1.71879971,0.59278667,0,0,14405,0,0,0,16,-88.46261,44.18582
261,"Owensboro, KY",119706,59855,0.21,0,1,169878,0.78,1.261423826,0.116282478,0,1,55926,0,0,0,0,-87.257303,37.751818
262,"Oxnard-Thousand Oaks-Ventura, CA",849738,443822,0.34,0,2,593881,0.67,2.224215031,0.80163449,0,0,11535027,100902,29440,0,3,-118.83759,34.17056
263,"Palm Bay-Melbourne-Titusville, FL",579130,295210,0.29,2,6.5,218377,0.66,4.738141537,0.573428571,0,0,13479502,719193,157332,2,46,-80.80755,28.61222
264,"Panama City, FL",200893,106180,0.23,0,0,195704,0.7,4.82346344,0.177273542,0,0,5847608,0,27650,0,0,-85.660922,30.159737
265,"Parkersburg-Vienna, WV",90554,46434,0.24,0,0.1,145203,0.8,2.042979956,0.182536528,0,0,536844,0,16,0,0,-81.440914,39.321683
266,"Pensacola-Ferry Pass-Brent, FL",485684,253046,0.27,0,2.7,193558,0.68,4.916777134,0.110468939,0,0,11715072,7417,15958,0,19,-87.147322,30.340147
267,"Peoria, IL",376044,193418,0.28,0,6.9,167469,0.78,3.175287008,0.550677717,0,0,653190,0,982,0,9,-89.589847,40.693137
268,"Philadelphia-Camden-Wilmington, PA-NJ-DE-MD",6070500,3250603,0.37,23,233.8,288459,0.54,4.584608078,0.4856399,1,0,30281166,115545,35633,54,468,-74.979768,40.141501
269,"Phoenix-Mesa-Scottsdale, AZ",4661537,2391221,0.31,3,30.5,286149,0.61,3.543466568,0.459587991,1,0,8497522,34151,159777,16,161,-111.89903,33.50921
270,"Pine Bluff, AR",94071,48724,0.17,0,0.5,109690,0.74,6.984086514,0.015866157,0,0,3734176,0,14641,0,224,-91.985946,34.208962
271,"Pittsburgh, PA",2342299,1249968,0.35,14,117.7,183462,0.6,2.920634747,0.404079467,1,0,8236608,665164,1356,40,897,-79.950968,40.47441
272,"Pittsfield, MA",126903,64463,0.34,0,35.5,276168,0.74,2.911109924,0.247492313,0,0,1018546,0,31,0,74,-73.24807,42.479475
273,"Pocatello, ID",84377,41967,0.28,0,2.7,158756,0.86,2.216243744,0.186229795,0,0,83732,0,9,0,533,-112.380079,42.904933
274,"Portland-South Portland, ME",529657,288482,0.39,0,18.3,293875,0.66,1.253641486,0.349107057,0,0,5449981,0,16543,0,61,-70.261342,43.658631
275,"Portland-Vancouver-Hillsboro, OR-WA",2425325,1352077,0.39,2,49.1,384008,0.59,2.405395746,0.909886777,1,0,6533669,148681,783,7,342,-122.660879,45.462185
276,"Port St. Lucie, FL",465208,219541,0.24,0,0,255397,0.59,2.85893631,0.467588156,0,0,289623,15859,516,0,0,-81.981155,30.76801
277,"Prescott, AZ",225562,104889,0.24,0,1.6,263355,0.73,1.782215118,0.178456217,0,0,518271,68104,45042,0,1,-112.426312,34.591349
278,"Providence-Warwick, RI-MA",1614750,858199,0.32,11,105.9,308772,0.65,3.291265726,0.393005878,1,0,9943718,1000,1876,21,399,-71.41767,41.827582
279,"Provo-Orem, UT",602543,251421,0.38,0,72.5,313141,0.75,0.707003474,0.933484852,0,0,159384,2304,6,0,122,-111.69465,40.2969
280,"Pueblo, CO",165123,82713,0.21,0,0.8,198827,0.77,5.686669827,0.127281055,0,0,5912455,960,23132,0,6,-104.536493,38.293234
281,"Punta Gorda, FL",178465,75970,0.24,0,0,222232,0.66,1.652985215,0.163810059,0,0,0,0,10,0,0,-82.045366,26.929784
282,"Racine, WI",195140,101878,0.23,0,0,202808,0.64,1.998565078,0.435882211,0,0,2685,0,0,0,0,-87.675979,42.727153
283,"Raleigh, NC",1302946,717071,0.47,10,61.2,272623,0.61,2.004582167,1.099489927,0,0,989804,8955,15,28,662,-82.164013,35.447916
284,"Rapid City, SD",143367,73094,0.3,0,1.4,224006,0.87,3.913034439,0.123555541,0,0,5171707,38533,4082,0,749,-103.206866,44.145868
285,"Reading, PA",414812,212252,0.25,0,2.3,206982,0.69,3.268950701,0.207219318,0,0,89022,0,0,0,0,-75.940153,40.357242
286,"Redding, CA",179631,89715,0.22,0,0.1,273007,0.84,7.097884178,0.076461405,0,0,424649,48476,160,0,0,-122.391675,40.58654
287,"Reno, NV",457387,243384,0.29,0,6.2,361885,0.77,3.633684397,0.661444962,0,0,1711539,1528,395,1,640,-119.813051,39.525749
288,"Richmond, VA",1282066,692724,0.37,0,19.2,265627,0.65,2.299886227,0.189303026,0,0,21814634,32499.5,83422,4,427,-77.564758,37.51457
289,"Riverside-San Bernardino-Ontario, CA",4527837,2302941,0.21,3,24,353610,0.54,3.211467266,0.148691475,1,0,21830714,17934,335161,6,103,-122.119117,37.121665
290,"Roanoke, VA",312576,163381,0.26,0,3.4,229195,0.57,2.047792912,0.309589446,0,0,1428822,2786,235,0,11,-79.941427,37.27097
291,"Rochester, MN",215884,111703,0.37,0,0,228343,0.78,1.394267321,2.042996883,0,0,23899,0,54,0,0,-92.516916,44.075285
292,"Rochester, NY",1078879,560566,0.34,3,69.3,170050,0.75,2.677901268,1.670443654,0,0,512716,71409,256,18,874,-77.684264,43.286024
293,"Rockford, IL",339376,174248,0.22,0,0.4,152313,0.75,6.727052212,0.506339669,0,0,254681,0,0,0,0,-89.094,42.27113
294,"Rocky Mount, NC",147323,75821,0.17,0,0.4,146855,0.72,4.564491272,0.087063871,0,0,19077,0,0,0,0,-78.617085,34.435881
295,"Rome, GA",96560,48225,0.24,0,3.3,155631,0.72,3.46934557,0.057848226,0,0,0,0,0,0,0,-85.171591,34.241733
296,"Sacramento--Roseville--Arden-Arcade, CA",2296418,1206366,0.33,13,103.6,404665,0.62,4.012335777,0.282683164,1,0,4456282,7193,2611,34,734,-121.486546,38.589407
297,"Saginaw, MI",192326,96156,0.23,0,1.1,120226,0.75,6.714293957,0.292508543,0,1,361813,0,18,0,0,-83.886873,43.41242
298,"St. Cloud, MN",195644,95827,0.25,0,11.3,202357,0.8,1.753184319,0.133195743,0,0,506272,4097,224,0,31,-92.268189,43.7055
299,"St. George, UT",160245,68811,0.28,0,0,283601,0.86,1.248088837,0.216576904,0,0,346090,0,1535,0,0,-113.58412,37.10415
300,"St. Joseph, MO-KS",127528,67840,0.22,0,0.8,143613,0.81,3.476883411,0.134208128,0,1,414275,0,437,0,0,-94.84663,39.76861
301,"St. Louis, MO-IL",2807954,1498066,0.34,9,64.4,214825,0.62,4.2768507,0.329703391,1,0,15637900,1314581.625,8802,19,1078,-90.44341,38.64068
302,"Salem, OR",418139,206919,0.24,0,6.8,257664,0.68,2.277407169,0.147644117,0,0,352928,5976,398,0,8,-123.003655,44.94878
303,"Salinas, CA",435232,220202,0.25,0,0.5,636126,0.74,4.211546898,0.2438218,0,0,7767627,2172,135981,0,540,-121.655501,36.677737
304,"Salisbury, MD-DE",400200,194587,0.26,0,4.7,280496,0.66,4.011176109,0.077964261,0,0,138652,11265.59961,5,0,53,-75.633621,38.382445
305,"Salt Lake City, UT",1186187,618788,0.33,2,30.7,310625,0.71,3.349387646,0.584100008,0,0,10423180,0,64998,12,700,-111.900719,40.756095
306,"San Angelo, TX",120189,58864,0.25,0,1.9,153331,0.89,2.903759956,0.031809509,0,0,2806789,0,1319,0,45,-100.533397,31.44451
307,"San Antonio-New Braunfels, TX",2429609,1253083,0.28,0,19.3,206012,0.61,3.882369041,0.196251288,1,0,38060340,11822,44020,0,307,-98.528407,29.453094
308,"San Diego-Carlsbad, CA",3317749,1789905,0.37,12,119.1,617912,0.63,3.190416098,1.507548928,1,0,69596528,0,321899,21,350,-124.114567,40.946492
309,"San Francisco-Oakland-Hayward, CA",4679166,2680912,0.48,43,276.5,957792,0.46,4.881853104,2.031059504,1,0,29164726,957048.3125,23195,47,799,-122.469886,37.736112
310,"San Jose-Sunnyvale-Santa Clara, CA",1978816,1106034,0.5,32,125.1,1129408,0.55,2.462078333,6.952212811,1,0,3887506,199612,711,35,944,-118.175208,34.568986
311,"San Luis Obispo-Paso Robles-Arroyo Grande, CA",282887,134596,0.36,0,22.4,615567,0.76,4.160671711,0.36299476,0,0,1709553,0,40054,0,0,-120.707601,35.195417
312,"Santa Cruz-Watsonville, CA",274673,138195,0.41,3,45.8,787752,0.63,4.14674902,1.854776502,0,0,132748,0,3,11,1120,-122.025983,36.958582
313,"Santa Fe, NM",148651,76696,0.42,0,1.3,351450,0.69,2.650503635,0.500637949,0,0,407245,13042,21,0,0,-105.982146,35.697473
314,"Santa Maria-Santa Barbara, CA",446170,210739,0.32,9,59,840976,0.79,,1.0087744,0,0,NA,,,20,1113,-120.496654,35.323302
315,"Santa Rosa, CA",503070,268357,0.34,0,3.3,657446,0.69,3.61977458,0.55996567,0,0,118929,0,0,0,3,-122.783159,38.450412
316,"Savannah, GA",384024,201613,0.31,0,1.7,237972,0.64,3.357900858,0.098378018,0,0,1504553,0,375,0,21,-81.088261,32.074679
317,"Scranton--Wilkes-Barre--Hazleton, PA",555225,287162,0.24,0,9.6,160031,0.73,2.299968481,0.127839625,0,0,2317461,0,188,0,3,-75.656296,41.462664
318,"Seattle-Tacoma-Bellevue, WA",3798902,2156401,0.42,22,100.6,484306,0.52,3.138275146,1.298919559,1,0,41557948,70000,404557,45,559,-122.20068,47.61038
319,"Sebastian-Vero Beach, FL",151563,64455,0.29,0,0,346585,0.77,2.678754091,0.302998334,0,0,41574,0,0,0,0,-80.468199,27.808049
320,"Sebring, FL",100917,42589,0.13,0,0,143373,0.79,,0.071909927,0,0,NA,,,0,0,-81.373012,27.457947
321,"Sheboygan, WI",115427,60522,0.26,0,0.1,180142,0.84,1.611408114,0.32877937,0,1,2840,0,0,0,0,-87.735217,43.71011
322,"Sherman-Denison, TX",128235,64062,0.19,0,2.5,161717,0.74,2.596794844,0.160240129,0,0,94217,0,0,0,1,-96.53666,33.75566
323,"Shreveport-Bossier City, LA",441767,227734,0.22,0,2.2,186422,0.77,5.197281361,0.106107153,0,0,6154359,0,305,0,0,-93.711213,32.482721
324,"Sierra Vista-Douglas, AZ",125770,61286,0.24,0,0,146647,0.78,,0.072039127,0,0,NA,,,0,0,-110.285414,31.557415
325,"Sioux City, IA-NE-SD",167947,83341,0.21,0,0.6,143751,0.81,2.447200537,0.194547236,0,1,625665,0,162,0,0,-92.161281,43.198027
326,"Sioux Falls, SD",256479,134124,0.34,0,2.2,228726,0.85,3.19324398,0.295508355,0,0,718008,0,201,0,9,-97.595227,44.010702
327,"South Bend-Mishawaka, IN-MI",320740,161067,0.26,1,39.5,158223,0.75,3.16143918,0.339295328,0,0,254195,0,1,7,753,-86.251654,41.673383
328,"Spartanburg, SC",329136,169131,0.21,0,1.6,156098,0.71,3.839897394,0.222983062,0,0,68529,0,4,0,0,-82.010697,34.934028
329,"Spokane-Spokane Valley, WA",556264,289531,0.3,0,10.2,238538,0.73,3.093854666,0.253386289,0,0,5298878,0,77919,0,18,-117.762554,48.124594
330,"Springfield, IL",208892,108732,0.35,0,1.3,161078,0.81,7.673821926,0.157652169,0,0,795464,4336,78,0,15,-89.648801,39.800698
331,"Springfield, MA",630283,314523,0.31,5,102.3,248732,0.71,5.026746273,0.247383371,0,0,3037153,4690,2444,14,614,-72.604842,42.170731
332,"Springfield, MO",456434,224880,0.27,0,7.2,173193,0.73,5.318303585,0.080552496,0,0,225032,1864,294,0,40,-93.343673,37.25807
333,"Springfield, OH",134786,66997,0.18,0,5.5,127429,0.72,3.707464218,0.153823689,0,0,588732,0,192,0,1,-83.813228,39.927059
334,"State College, PA",161464,78162,0.48,28,108.3,253219,0.81,0.786553025,0.641189158,0,0,140822,0,2,45,10487,-77.841359,40.77893
335,"Staunton-Waynesboro, VA",121247,62555,0.28,0,0.9,223241,0.7,,0.099994987,0,0,NA,,,0,0,-79.846572,37.805392
336,"Stockton-Lodi, CA",733709,369708,0.17,0,2.9,338518,0.59,7.286267281,0.166215926,0,0,6482982,0,109,0,16,-121.27245,38.1302
337,"Sumter, SC",107396,53083,0.19,0,0,171027,0.75,6.618171692,0.045179456,0,0,3382765,0,2893,0,0,-80.354238,33.913678
338,"Syracuse, NY",656510,339781,0.31,3,35.9,167070,0.77,2.882210493,0.431250125,0,0,1876652,0,407,6,427,-76.197701,43.02143
339,"Tallahassee, FL",380110,185947,0.39,0,25.3,206903,0.71,6.732261658,0.226423666,0,0,484598,5606,226,6,1376,-84.097649,30.56683
340,"Tampa-St. Petersburg-Clearwater, FL",3032171,1594442,0.29,1,17,227918,0.59,3.574996233,0.241720125,1,0,9615331,0,5952,4,267,-82.8001,27.96585
341,"Terre Haute, IN",169518,84756,0.21,0,10.8,123241,0.72,1.93489778,0.089203872,0,0,407861,0,121,0,47,-87.410094,39.433602
342,"Texarkana, TX-AR",149721,77333,0.18,0,0,135256,0.8,5.343271732,0.024150327,0,0,8066066,0,14729,0,0,-94.04769,33.42512
343,"The Villages, FL",123996,38905,0.29,0,0,247297,0.65,,0.045472521,0,0,NA,,,0,0,-81.983397,28.940109
344,"Toledo, OH",605221,308571,0.27,0,13.3,154983,0.78,5.547934532,0.312262625,0,1,699623,0,570,2,275,-83.569359,41.720684
345,"Topeka, KS",233068,117666,0.28,0,0.7,159330,0.78,3.728700161,0.039264429,0,0,1866718,10769,336,0,1,-95.780662,38.988075
346,"Trenton, NJ",371023,196563,0.43,17,98.6,368953,0.63,3.47393322,1.303444386,0,0,573116,0,0,22,9,-74.712018,40.280531
347,"Tucson, AZ",1016206,483186,0.32,10,58.9,216995,0.66,4.389857769,0.720310569,0,0,8414318,37750,9487,32,1385,-110.970869,32.217975
348,"Tulsa, OK",987958,509518,0.27,0,5.3,179001,0.74,4.575277328,0.233585507,0,0,1347861,0,233,0,41,-95.992775,36.153982
349,"Tuscaloosa, AL",239593,119045,0.28,0,7.6,188364,0.72,3.609929085,0.069382802,0,0,731183,6856,651,0,438,-87.569174,33.209841
350,"Tyler, TX",225290,111595,0.25,0,0.5,185943,0.71,3.297971487,0.116238289,0,0,225071,0,0,0,28,-95.302223,32.321937
351,"Utica-Rome, NY",293803,149419,0.25,0,7.8,148567,0.78,2.682749987,0.088697746,0,0,143445,0,8,0,15,-75.45573,43.21285
352,"Valdosta, GA",144504,69799,0.23,0,0.9,164921,0.82,2.927254677,0.031520654,0,0,3255865,0,117556,0,3,-83.332068,30.753904
353,"Vallejo-Fairfield, CA",440207,236297,0.25,0,0.1,406330,0.55,4.792063713,0.209984541,0,0,7612109,122300,6684,0,12,-122.03997,38.24936
354,"Victoria, TX",100227,49543,0.19,0,0,175193,0.75,4.220419884,0.048250239,0,0,83278,0,0,0,0,-96.776656,31.597946
355,"Vineland-Bridgeton, NJ",153797,81988,0.14,0,0,262752,0.67,5.240674496,0.023420611,0,0,47821,0,250,0,0,-75.017849,39.433288
356,"Virginia Beach-Norfolk-Newport News, VA-NC",1725937,908759,0.31,0,44.6,280624,0.67,3.082015038,0.124770962,1,0,69537608,120316,48849,5,375,-75.97551,36.845119
357,"Visalia-Porterville, CA",460437,219344,0.14,0,0,220356,0.72,4.133029938,0.053584624,0,0,399649,32167,9,0,0,-119.01677,36.06523
358,"Waco, TX",264869,123877,0.21,0,9.9,165333,0.8,3.752798557,0.084288649,0,0,1233015,184227,970,1,90,-97.1382,31.552011
359,"Walla Walla, WA",64210,31802,0.3,0,12.3,227722,0.83,,0.175237358,0,0,NA,,,0,36,-118.291407,46.1341
360,"Warner Robins, GA",189753,100601,0.27,0,1.2,152740,0.73,3.288485527,0.038943131,0,0,13693744,0,6784,0,100,-83.653003,32.580403
361,"Washington-Arlington-Alexandria, DC-VA-MD-WV",6133552,3417219,0.5,21,139.2,494561,0.43,3.117662668,0.380777657,1,1,198812512,2049048.375,93851,47,396,-77.013806,38.887561
362,"Waterloo-Cedar Falls, IA",170015,80522,0.28,0,8.1,164239,0.89,4.818062305,0.325971067,0,0,11096,0,0,0,30,-92.44547,42.52776
363,"Watertown-Fort Drum, NY",114006,57127,0.21,0,0,166272,0.85,,0.08302813,0,0,NA,,,0,0,-75.919406,43.940549
364,"Wausau, WI",135603,70313,0.25,0,0,173027,0.82,0.972408712,0.129932046,0,0,26751,0,0,0,0,-89.704051,44.963304
365,"Weirton-Steubenville, WV-OH",120861,61670,0.18,0,0.9,117476,0.66,,0.023878105,0,0,NA,,,0,85,-78.593865,39.077365
366,"Wenatchee, WA",117665,57552,0.23,0,0,270607,0.83,1.147325039,0.099754721,0,0,200277,10346,85,0,0,-120.351884,47.573816
367,"Wheeling, WV-OH",142982,74609,0.2,0,1.5,130309,0.73,2.802836418,0.026934257,0,0,233150,0,96,0,145,-80.647599,40.102703
368,"Wichita, KS",645447,327105,0.31,0,3.2,160579,0.81,5.238512039,0.270859897,0,0,3939299,0,2780,0,188,-97.258997,37.651974
369,"Wichita Falls, TX",150734,74438,0.23,0,1.3,134865,0.9,3.370175362,0.057908967,0,0,7297789,0,4606,0,5,-98.479881,33.905544
370,"Williamsport, PA",115248,59272,0.21,0,1.8,166425,0.8,2.212619781,0.106219679,0,0,249602,0,4520,0,1,-76.857256,41.345045
371,"Wilmington, NC",282573,146453,0.37,0,7,267951,0.77,3.896338224,0.271011531,0,0,447016,3000,10560,0,156,-77.963628,34.271985
372,"Winchester, VA-WV",138878,72001,0.27,0,0.2,232802,0.66,1.720934868,0.198592573,0,0,756778,22930,296,0,0,-78.16856,39.169668
373,"Winston-Salem, NC",662079,343028,0.26,1,16.7,186393,0.71,3.965058327,0.25566721,0,0,504337,0,0,5,699,-80.200493,36.111102
374,"Worcester, MA-CT",935781,502057,0.34,2,33,291437,0.58,3.837658405,0.792188525,0,0,654788,0,19318,4,567,-71.879415,42.265275
375,"Yakima, WA",249636,117241,0.16,0,0,195092,0.81,2.431540251,0.039906535,0,0,345295,33831,23,0,0,-120.406039,46.722625
376,"York-Hanover, PA",443744,234010,0.24,0,2,193319,0.63,2.037210703,0.321280837,0,0,40598,0,1,0,0,-76.98304,39.80066
377,"Youngstown-Warren-Boardman, OH-PA",544746,276704,0.22,0,10.2,126836,0.77,2.420282125,0.127489507,0,0,4443206,0,21740,0,16,-80.624079,41.133716
378,"Yuba City, CA",171926,86218,0.17,0,0,303644,0.62,3.559670925,0.04408649,0,0,5468114,0,25677,0,0,-121.612481,39.048854
379,"Yuma, AZ",205631,91739,0.15,0,0,150109,0.79,3.671625376,0.064748198,0,0,5520907,0,682765,0,0,-114.624397,32.725325
,"Ames/Des Moines-West Des Moines, IA",,378444,0.386914134,5,568,209187.5938,0.792812049,2.835416317,0.000561365,,,,,,,,,
,"Syracuse/Utica-Rome, NY",,489200,0.291559815,3,481,161349.4063,0.773146808,2.820544481,0.000367946,,,,,,,,,
,"Bloomington/Champaign-Urbana, IL",,204808,0.422478855,23,1514,177678.9531,0.82696712,2.413400888,0.000574085,,,,,,,,,
,"Binghamton/Ithaca, NY",,167266,0.350890964,22,2142,162817.75,0.825136065,2.205092192,0.000914299,,,,,,,,,
,"Indianapolis-Carmel-Anderson/Lafayette-West Lafayette, IN",,1163790,0.338540226,18,979,194639.7188,0.661976933,5.511595249,0.00046807,,,,,,,,,
,"Akron/Canton-Massillon, OH",,570037,0.282044619,0,182,168166.1719,0.709736228,2.712729216,0.00062031,,,,,,,,,
,"Appleton/Green Bay/Oshkosh-Neenah, WI",,382736,0.274685711,0,187,184962.0156,0.797947228,1.723896861,0.00035382,,,,,,,,,
,"Cedar Rapids/Iowa City, IA",,222129,0.385437101,3,455,212878.1094,0.792974412,2.12996459,0.000640707,,,,,,,,,
,"Janesville-Beloit/Madison, WI",,425193,0.415309995,28,1567,258574.0625,0.736596465,6.110000134,0.000685752,,,,,,,,,
,"Milwaukee-Waukesha-West Allis/Racine, WI",,934279,0.335387349,2,271,236314.5625,0.69830972,5.867204666,0.000501539,,,,,,,,,
,"Battle Creek/Kalamazoo-Portage, MI",,231957,0.296386242,1,251,165471.5,0.779336095,1.830000043,0.000335216,,,,,,,,,
,"Ann Arbor/Jackson, MI",,263200,0.440416396,28,1531,253166.5,0.687820196,3.219609737,0.001852118,,,,,,,,,
,"Logan/Ogden-Clearfield, UT-ID",,377088,0.313575506,2,180,261665.0625,0.736283064,1.359260321,0.000392451,,,,,,,,,
,"Bloomington/Columbus, IN",,118291,0.368445665,10,478,198530.2969,0.808606923,2.013490915,0.000800299,,,,,,,,,
,"Lawrence/Manhattan/Topeka, KS",,215885,0.367642581,5,511,191073.3438,0.781284213,3.030143976,0.000169542,,,,,,,,,
,"Niles-Benton Harbor/South Bend-Mishawaka, IN-MI",,239693,0.270518184,1,454,169935.5156,0.764387727,3.411269188,0.000554581,,,,,,,,,
,"Blacksburg-Christiansburg-Radford/Roanoke, VA",,248970,0.287962079,11,726,223887.1094,0.640120208,1.995972157,0.000453642,,,,,,,,,
,"Columbia/Jefferson City, MO",,163584,0.356733829,3,301,188640.5938,0.802645445,2.921578169,0.000164296,,,,,,,,,
,"Clarksville/Nashville-Davidson-Murfreesboro-Franklin, TN-KY",,1157299,0.328305364,3,409,261763.2813,0.582840979,5.634635925,0.000142237,,,,,,,,,
,"Idaho Falls/Pocatello, ID",,109964,0.298921436,0,30,179847.2344,0.821392715,1.75759244,0.000408002,,,,,,,,,
,"Auburn-Opelika/Columbus, GA-AL",,236302,0.288750321,0,132,180314.9688,0.726245463,3.838965654,0.000124242,,,,,,,,,
,"Greenville/New Bern, NC",,144789,0.282998741,0,46,172619.0625,0.757518232,2.385251284,0.000169204,,,,,,,,,
,"Decatur/Springfield, IL",,161497,0.304109186,0,29,148904.9219,0.832331598,6.34030962,0.000195802,,,,,,,,,
,"Morgantown/Wheeling, WV-OH",,145117,0.26038295,0,124,159346.9219,0.719969034,2.458594799,0.000142608,,,,,,,,,
,"Midland/Saginaw, MI",,140198,0.261466503,0,12,133798.7969,0.743632317,4.682340145,0.000855734,,,,,,,,,
,"Daphne-Fairhope-Foley/Mobile, AL",,321284,0.257247478,0,34,184747.6094,0.614865422,3.402081966,9.38E-05,,,,,,,,,